timestamp,metric,value
2026-04-08 09:49:51.145761,cpu,54.81344081900502
2026-04-08 09:50:36.187396,cpu,30.2
2026-04-08 09:50:51.753006,cpu,54.81344081900502
2026-04-08 09:51:37.26647,cpu,29.6
2026-04-08 09:51:52.356238,cpu,43.16346070433578
2026-04-08 09:52:38.158619,cpu,40.886751580668296
2026-04-08 09:52:38.31246,cpu,38.9
2026-04-08 09:53:38.776444,cpu,40.52444727109491
2026-04-08 09:53:39.391794,cpu,30.8
2026-04-08 09:54:39.419381,cpu,43.29989413637945
2026-04-08 09:54:40.466406,cpu,30.2
2026-04-08 09:55:40.028829,cpu,43.29989413637945
2026-04-08 09:55:41.537791,cpu,32.3
2026-04-08 09:56:40.680907,cpu,54.9987218392527
2026-04-08 09:56:42.598,cpu,38
2026-04-08 09:57:41.288304,cpu,54.6488481756082
2026-04-08 09:57:43.666729,cpu,38
2026-04-08 09:58:41.905572,cpu,54.54913613170615
2026-04-08 09:58:44.736989,cpu,38
2026-04-08 09:59:42.49384,cpu,54.474783197180344
2026-04-08 09:59:45.80679,cpu,34.3
2026-04-08 10:00:43.098274,cpu,54.474783197180344
2026-04-08 10:00:46.879239,cpu,30.5
2026-04-08 10:01:35.421382,cpu,53.699999999999996
2026-04-08 10:01:47.950488,cpu,38.5
2026-04-08 10:02:06.361038,cpu,53.699999999999996
2026-04-08 10:02:49.026877,cpu,37.7
2026-04-08 10:03:07.051747,cpu,56.566383047216256
2026-04-08 10:03:50.096778,cpu,37.5
2026-04-08 10:04:07.711258,cpu,56.262933524339175
2026-04-08 10:04:51.169369,cpu,38
2026-04-08 10:05:08.314194,cpu,56.012013486138
2026-04-08 10:05:26.15601,cpu,56.012013486138
2026-04-08 10:05:31.261736,cpu,56.012013486138
2026-04-08 10:05:52.241311,cpu,0
2026-04-08 10:06:31.857954,cpu,39.93097259445452
2026-04-08 10:06:53.311748,cpu,51.2
2026-04-08 10:06:54.555799,cpu,39.93097259445452
2026-04-08 10:07:25.287477,cpu,28.43779963663377
2026-04-08 10:07:54.406772,cpu,38.2
2026-04-08 10:08:26.158731,cpu,33.45543306080866
2026-04-08 10:08:55.478663,cpu,30.5
2026-04-08 10:09:15.28436,cpu,33.45543306080866
2026-04-08 10:09:27.751471,cpu,37.792679781980254
2026-04-08 10:09:51.533843,cpu,37.792679781980254
2026-04-08 10:09:56.546855,cpu,51
2026-04-08 10:09:56.765191,cpu,37.792679781980254
2026-04-08 10:10:57.375354,cpu,37.792679781980254
2026-04-08 10:10:57.637095,cpu,38.2
2026-04-08 10:11:58.706805,cpu,93
2026-04-08 10:12:03.692525,cpu,57.51363797991175
2026-04-08 10:12:17.154251,cpu,57.51363797991175
2026-04-08 10:13:03.352909,cpu,35
2026-04-08 10:13:17.804901,cpu,57.58964754216339
2026-04-08 10:14:04.426576,cpu,29.6
2026-04-08 10:14:18.399246,cpu,57.30591099838121
2026-04-08 10:15:40.308638,cpu,56.98342928364839
2026-04-08 10:16:40.726878,cpu,58.26262599860529
2026-04-08 10:17:05.058568,cpu,58.26262599860529
2026-04-08 10:17:41.550952,cpu,51.14232510033862
2026-04-08 10:18:25.059522,cpu,49.84216049192063
2026-04-08 10:19:26.038985,cpu,50.20706172686984
2026-04-08 10:20:26.880978,cpu,50.20706172686984
2026-04-08 10:21:12.470932,cpu,53.11666666666667
2026-04-08 10:21:49.254712,cpu,50.16884317382086
2026-04-08 10:22:35.231982,cpu,50.818244275301346
2026-04-08 10:23:35.921735,cpu,51.38868320647601
2026-04-08 10:24:36.534594,cpu,44.094778591422546
2026-04-08 10:25:37.04736,cpu,44.094778591422546
2026-04-08 10:26:37.569349,cpu,15.398739314028898
2026-04-08 10:27:38.098433,cpu,15.071381764908153
2026-04-08 10:28:38.701662,cpu,14.973689635994479
2026-04-08 10:29:39.626636,cpu,15.40561837546225
2026-04-08 10:30:40.116763,cpu,15.40561837546225
2026-04-08 10:31:40.634575,cpu,14.705827478600327
2026-04-08 10:32:41.314397,cpu,15.100583516003974
2026-04-08 10:33:41.894866,cpu,14.790020970336315
2026-04-08 10:34:42.451041,cpu,15.240350109602383
2026-04-08 10:35:43.11293,cpu,15.240350109602383
2026-04-08 10:36:43.915591,cpu,14.384898487018106
2026-04-08 10:37:44.505026,cpu,15.117802233621665
2026-04-08 10:38:45.035015,cpu,14.914665840339783
2026-04-08 10:39:45.566849,cpu,15.330057652707731
2026-04-08 10:40:46.193697,cpu,15.330057652707731
2026-04-08 10:41:46.772715,cpu,13.945994213801166
2026-04-08 10:42:47.3694,cpu,15.005530044185122
2026-04-08 10:43:48.016979,cpu,14.734174840530153
2026-04-08 10:44:32.14702,cpu,14.738476785825188
2026-04-08 10:45:32.772884,cpu,14.738476785825188
2026-04-08 10:45:40.108297,cpu,14.738476785825188
2026-04-08 10:46:40.64686,cpu,38.56504487403633
2026-04-08 10:47:41.226177,cpu,26.365585471579777
2026-04-08 10:48:41.779593,cpu,20.287176441655905
2026-04-08 10:49:42.379165,cpu,16.628074486658058
2026-04-08 10:50:42.912234,cpu,16.628074486658058
2026-04-08 10:51:43.417986,cpu,1.9874186686453486
2026-04-08 10:52:43.965912,cpu,1.94931100778107
2026-04-08 10:53:44.513493,cpu,2.002115723844945
2026-04-08 10:54:45.238773,cpu,2.0079665142719336
2026-04-08 10:55:45.814608,cpu,2.0079665142719336
2026-04-08 10:56:46.366617,cpu,1.9926503953822028
2026-04-08 10:57:47.050184,cpu,2.011766930254802
2026-04-08 10:58:47.756801,cpu,1.9484085310244346
2026-04-08 10:59:52.069387,cpu,1.9849885428540817
2026-04-08 11:00:52.808358,cpu,1.9849885428540817
2026-04-08 11:01:53.452347,cpu,39.12345519910581
2026-04-08 11:02:16.28572,cpu,39.12345519910581
2026-04-08 11:03:17.295668,cpu,44.436783024719404
2026-04-08 11:04:18.322151,cpu,48.11271288997361
2026-04-08 11:05:19.174132,cpu,49.55017031197889
2026-04-08 11:18:19.497901,cpu,40.692160335785815
2026-04-08 11:19:21.570374,cpu,47.87895825723918
2026-04-08 11:19:26.765717,cpu,50.87386112206568
2026-04-08 11:19:30.266743,cpu,38.1
2026-04-08 11:19:55.96653,cpu,32.7
2026-04-08 11:20:00,cpu,50
2026-04-08 11:20:02.345646,cpu,63
2026-04-08 11:20:27.426592,cpu,50.87386112206568
2026-04-08 11:20:34.576319,cpu,82.3
2026-04-08 11:21:06.616539,cpu,87.8
2026-04-08 11:21:28.0764,cpu,53.54452112957474
2026-04-08 11:21:38.656532,cpu,88.8
2026-04-08 11:22:10.698453,cpu,32.8
2026-04-08 11:22:28.733607,cpu,54.025176398840756
2026-04-08 11:22:42.73433,cpu,39.2
2026-04-08 11:23:14.776563,cpu,39.1
2026-04-08 11:23:29.602479,cpu,54.17049659887914
2026-04-08 11:23:46.81654,cpu,34.8
2026-04-08 11:24:18.856566,cpu,39.2
2026-04-08 11:24:30.194093,cpu,54.198382832045276
2026-04-08 11:24:50.900062,cpu,70.5
2026-04-08 11:25:22.943363,cpu,94
2026-04-08 11:25:30.903265,cpu,54.198382832045276
2026-04-08 11:25:54.976088,cpu,87.7
2026-04-08 11:26:27.016574,cpu,50
2026-04-08 11:26:31.498886,cpu,54.07893874381418
2026-04-08 11:26:59.047401,cpu,37.3
2026-04-08 11:27:31.086549,cpu,35.4
2026-04-08 11:27:32.316716,cpu,54.26095916254278
2026-04-08 11:28:03.116648,cpu,45.3
2026-04-08 11:28:32.950858,cpu,54.33484553538512
2026-04-08 11:28:35.157524,cpu,33.6
2026-04-08 11:29:07.193572,cpu,51.6
2026-04-08 11:29:33.573721,cpu,54.26646842403737
2026-04-08 11:29:39.266526,cpu,93.8
2026-04-08 11:30:11.308168,cpu,94
2026-04-08 11:30:34.207928,cpu,54.26646842403737
2026-04-08 11:30:43.346515,cpu,66.9
2026-04-08 11:31:15.506494,cpu,38.3
2026-04-08 11:31:34.803306,cpu,54.004488530717566
2026-04-08 11:31:47.546591,cpu,35.5
2026-04-08 11:32:19.586589,cpu,35.5
2026-04-08 11:32:35.359751,cpu,54.17461819814847
2026-04-08 11:32:51.626547,cpu,34.3
2026-04-08 11:33:23.66651,cpu,39.7
2026-04-08 11:33:35.960913,cpu,54.14380084394693
2026-04-08 11:33:55.716517,cpu,88
2026-04-08 11:34:27.77654,cpu,94
2026-04-08 11:34:36.728763,cpu,54.189709739546366
2026-04-08 11:34:59.816523,cpu,61.2
2026-04-08 11:35:31.856505,cpu,36.4
2026-04-08 11:35:37.296449,cpu,54.189709739546366
2026-04-08 11:36:03.8966,cpu,48.2
2026-04-08 11:36:35.926566,cpu,37.1
2026-04-08 11:36:38.088107,cpu,54.441211465920006
2026-04-08 11:37:07.966591,cpu,38
2026-04-08 11:37:38.704811,cpu,54.64722463978549
2026-04-08 11:37:40.007049,cpu,39.3
2026-04-08 11:38:12.040481,cpu,68.2
2026-04-08 11:38:39.299626,cpu,54.73079363400065
2026-04-08 11:38:44.096615,cpu,91.5
2026-04-08 11:39:16.178126,cpu,92
2026-04-08 11:39:39.903795,cpu,54.73707146982042
2026-04-08 11:39:48.216649,cpu,50.6
2026-04-08 11:40:20.257411,cpu,43.6
2026-04-08 11:40:40.732258,cpu,54.73707146982042
2026-04-08 11:40:52.296548,cpu,33.6
2026-04-08 11:41:24.336565,cpu,32.4
2026-04-08 11:41:41.282605,cpu,54.961387931465104
2026-04-08 11:41:56.37657,cpu,38.8
2026-04-08 11:42:28.416606,cpu,38.4
2026-04-08 11:42:41.864697,cpu,54.95554639992229
2026-04-08 11:43:00.432772,cpu,37.8
2026-04-08 11:43:32.506567,cpu,72.7
2026-04-08 11:43:42.511564,cpu,54.991659799941715
2026-04-08 11:44:04.558015,cpu,96.5
2026-04-08 11:44:36.596502,cpu,90.2
2026-04-08 11:44:43.087977,cpu,54.884647752702925
2026-04-08 11:45:08.636531,cpu,65.9
2026-04-08 11:45:40.676558,cpu,38.6
2026-04-08 11:45:43.652704,cpu,54.884647752702925
2026-04-08 11:46:12.716503,cpu,35.1
2026-04-08 11:46:44.227155,cpu,54.95935638856914
2026-04-08 11:46:44.756567,cpu,49.5
2026-04-08 11:47:16.796557,cpu,38
2026-04-08 11:47:44.770736,cpu,54.81119677004953
2026-04-08 11:47:48.836542,cpu,43.3
2026-04-08 11:48:21.006543,cpu,87.7
2026-04-08 11:48:45.394308,cpu,54.671282318040625
2026-04-08 11:48:53.046552,cpu,91.5
2026-04-08 11:49:25.087219,cpu,58.5
2026-04-08 11:49:46.060232,cpu,54.660359187765835
2026-04-08 11:49:57.12653,cpu,34
2026-04-08 11:50:29.166532,cpu,34.3
2026-04-08 11:50:46.866785,cpu,54.660359187765835
2026-04-08 11:51:01.20655,cpu,39.5
2026-04-08 11:51:33.249732,cpu,35.6
2026-04-08 11:51:47.429981,cpu,54.30325628153254
2026-04-08 11:52:05.288725,cpu,38.8
2026-04-08 11:52:37.317283,cpu,91.2
2026-04-08 11:52:47.995294,cpu,54.32216262431427
2026-04-08 11:53:09.368964,cpu,94
2026-04-08 11:53:41.436509,cpu,76.6
2026-04-08 11:53:48.614238,cpu,54.35369050312755
2026-04-08 11:54:13.47308,cpu,38.2
2026-04-08 11:54:45.514375,cpu,38.8
2026-04-08 11:54:49.19745,cpu,54.21295240250204
2026-04-08 11:55:17.556311,cpu,34.8
2026-04-08 11:55:49.595546,cpu,36.2
2026-04-08 11:55:49.843059,cpu,54.21295240250204
2026-04-08 11:56:21.636853,cpu,37.7
2026-04-08 11:56:50.444172,cpu,54.13397398077353
2026-04-08 11:56:53.676523,cpu,57.1
2026-04-08 11:57:25.756668,cpu,96.5
2026-04-08 11:57:51.489242,cpu,54.242093764960124
2026-04-08 11:57:57.816315,cpu,89.8
2026-04-08 11:58:29.856558,cpu,56.1
2026-04-08 11:58:52.154543,cpu,54.485123614760276
2026-04-08 11:59:01.896606,cpu,45.8
2026-04-08 11:59:33.956549,cpu,39
2026-04-08 11:59:52.835087,cpu,54.44976555847488
2026-04-08 12:00:05.999768,cpu,40.3
2026-04-08 12:00:38.041489,cpu,38
2026-04-08 12:00:53.599752,cpu,54.44976555847488
2026-04-08 12:01:10.076567,cpu,55.1
