instance_id,timestamp,cpu,memory,disk,reboot_count,instance_age_days,is_anomaly,severity
i-00dfb80a59da9a56d,2026-03-30 17:38:00,0.45525957294579183,23.62,24.0,0,0,0,normal
i-00dfb80a59da9a56d,2026-03-30 17:39:00,0.45337399890223234,23.62,24.0,0,0,0,normal
i-00dfb80a59da9a56d,2026-03-30 17:40:00,0.45337399890223234,23.62,24.0,0,0,0,normal
i-00dfb80a59da9a56d,2026-03-30 17:42:00,0.500033383081266,23.62,24.0,0,0,0,normal
i-00dfb80a59da9a56d,2026-03-30 17:43:00,0.5029526705389248,23.62,24.0,0,0,0,normal
i-00dfb80a59da9a56d,2026-03-30 17:44:00,0.4984564283047305,23.62,24.0,0,0,0,normal
i-00dfb80a59da9a56d,2026-03-30 17:52:00,0.8751839155239717,23.62,24.0,0,0,0,normal
i-00dfb80a59da9a56d,2026-03-30 17:54:00,0.6625919577619858,23.62,24.0,0,0,0,normal
i-00dfb80a59da9a56d,2026-03-30 17:55:00,0.7000735662095886,23.62,24.0,0,0,0,normal
i-00dfb80a59da9a56d,2026-03-30 17:56:00,0.449595364172245,23.62,24.0,0,0,0,normal
i-00dfb80a59da9a56d,2026-03-30 17:57:00,0.42479768208612245,23.62,24.0,0,0,0,normal
i-00dfb80a59da9a56d,2026-03-30 17:58:00,0.4472349764825531,23.62,24.0,0,0,0,normal
i-00dfb80a59da9a56d,2026-03-30 18:00:00,0.43325485326976443,23.62,24.0,0,0,0,normal
i-00dfb80a59da9a56d,2026-03-30 18:08:00,0.6277831692821448,23.62,24.0,0,0,0,normal
i-00dfb80a59da9a56d,2026-03-30 18:10:00,0.5937540436282753,23.62,24.0,0,0,0,normal
i-00dfb80a59da9a56d,2026-03-30 18:12:00,0.5,24.43,24.0,0,0,0,normal
i-00dfb80a59da9a56d,2026-03-30 18:13:00,1.7831846427128941,23.63,24.0,0,0,0,normal
i-00dfb80a59da9a56d,2026-03-30 18:14:00,1.8978051487013374,23.62,24.0,0,0,0,normal
i-00dfb80a59da9a56d,2026-03-30 18:15:00,1.9457722742685744,23.1,24.0,0,0,0,normal
i-00dfb80a59da9a56d,2026-03-30 18:16:00,2.396179471337686,23.62,24.0,0,0,0,normal
i-00dfb80a59da9a56d,2026-03-30 18:17:00,1.6284716555931147,23.58,24.0,0,0,0,normal
i-00dfb80a59da9a56d,2026-03-30 18:18:00,2.7049791435743487,24.63,24.0,0,0,0,normal
i-00dfb80a59da9a56d,2026-03-30 18:19:00,2.561493329667676,23.74,24.0,0,0,0,normal
i-00dfb80a59da9a56d,2026-03-30 18:22:00,2.295814166986106,23.43,24.0,0,0,0,normal
i-00dfb80a59da9a56d,2026-03-30 18:24:00,2.2339653598018416,23.62,24.0,0,0,0,normal
i-00dfb80a59da9a56d,2026-03-30 18:25:00,2.2316547345809417,23.21,24.0,0,0,0,normal
i-00dfb80a59da9a56d,2026-03-30 18:26:00,1.88502986020752,23.53,24.0,0,0,0,normal
i-00dfb80a59da9a56d,2026-03-30 18:27:00,2.4245144638567155,23.62,24.0,0,0,0,normal
i-00dfb80a59da9a56d,2026-03-30 18:28:00,1.6284716555931147,23.43,24.0,0,0,0,normal
i-00dfb80a59da9a56d,2026-03-30 18:29:00,2.341342975904477,23.73,24.0,0,0,0,normal
i-00dfb80a59da9a56d,2026-03-30 18:30:00,2.2868793183889147,23.16,24.0,0,0,0,normal
i-00dfb80a59da9a56d,2026-03-30 18:31:00,2.2666666666666666,23.57,24.0,0,0,0,normal
i-00dfb80a59da9a56d,2026-03-30 18:32:00,1.9451162584161765,23.18,24.0,0,0,0,normal
i-00dfb80a59da9a56d,2026-03-30 18:33:00,2.0390665570506674,23.62,24.0,0,0,0,normal
i-00dfb80a59da9a56d,2026-03-30 18:34:00,1.6284716555931147,25.26,24.0,0,0,0,normal
i-00dfb80a59da9a56d,2026-03-30 18:35:00,2.0642351427521994,23.74,24.0,0,0,0,normal
i-00dfb80a59da9a56d,2026-03-30 18:36:00,2.2563402327943654,24.13,24.0,0,0,0,normal
i-00dfb80a59da9a56d,2026-03-30 18:37:00,2.204120539270721,24.25,24.0,0,0,0,normal
i-00dfb80a59da9a56d,2026-03-30 18:38:00,2.058302581736036,23.65,24.0,0,0,0,normal
i-00dfb80a59da9a56d,2026-03-30 18:39:00,1.7726875384267815,23.28,24.0,0,0,0,normal
i-00dfb80a59da9a56d,2026-03-30 18:40:00,1.866887227551888,23.62,24.0,0,0,0,normal
i-00dfb80a59da9a56d,2026-03-30 18:41:00,2.2916666666666665,23.555,24.0,0,0,0,normal
i-00dfb80a59da9a56d,2026-03-30 18:42:00,2.2198667033003625,23.18,24.0,0,0,0,normal
i-00dfb80a59da9a56d,2026-03-30 18:43:00,2.238927583670231,23.47,24.0,0,0,0,normal
i-00dfb80a59da9a56d,2026-03-30 18:44:00,2.278646191457611,23.62,24.0,0,0,0,normal
i-00dfb80a59da9a56d,2026-03-30 18:45:00,1.6284716555931147,25.4,24.0,0,0,0,normal
i-00dfb80a59da9a56d,2026-03-30 18:47:00,57.13333333333333,26.12,24.0,0,0,0,normal
i-00dfb80a59da9a56d,2026-03-30 18:48:00,54.61845672228328,24.75,24.0,0,0,0,normal
i-00dfb80a59da9a56d,2026-03-30 18:49:00,65.963425499708,26.7,24.0,0,0,0,normal
i-00dfb80a59da9a56d,2026-03-30 18:50:00,63.40117301041681,23.62,24.0,0,0,0,normal
i-00dfb80a59da9a56d,2026-03-30 18:51:00,1.6284716555931147,26.97,24.0,0,0,0,normal
i-00dfb80a59da9a56d,2026-03-30 18:52:00,2.191666666666667,25.93,24.0,0,0,0,normal
i-00dfb80a59da9a56d,2026-03-30 18:53:00,45.96666666666667,26.58,24.0,0,0,0,normal
i-00dfb80a59da9a56d,2026-03-30 18:54:00,51.06284572782171,26.38,24.0,0,0,0,normal
i-00dfb80a59da9a56d,2026-03-30 18:55:00,41.264903418105106,26.48,24.0,0,0,0,normal
i-00dfb80a59da9a56d,2026-03-30 18:56:00,2.1936409435158306,23.62,24.0,0,0,0,normal
i-00dfb80a59da9a56d,2026-03-30 18:57:00,1.6284716555931147,25.71,24.0,0,0,0,normal
i-00dfb80a59da9a56d,2026-03-30 18:58:00,2.3051538050912486,25.31,24.0,0,0,0,normal
i-00dfb80a59da9a56d,2026-03-30 18:59:00,45.69632690254562,26.19,24.0,0,0,0,normal
i-00dfb80a59da9a56d,2026-03-30 19:00:00,41.36606675066407,25.33,24.0,0,0,0,normal
i-00dfb80a59da9a56d,2026-03-30 19:01:00,2.166666666666667,25.65,24.0,0,0,0,normal
i-00dfb80a59da9a56d,2026-03-30 19:02:00,2.0833000011110743,26.76,24.0,0,0,0,normal
i-00dfb80a59da9a56d,2026-03-30 19:04:00,2.0978617294653037,25.7,24.0,0,0,0,normal
i-00dfb80a59da9a56d,2026-03-30 19:05:00,2.0588129637656443,26.19,24.0,0,0,0,normal
i-00dfb80a59da9a56d,2026-03-30 19:06:00,1.9166666666666663,26.45,24.0,0,0,0,normal
i-00dfb80a59da9a56d,2026-03-30 19:08:00,1.9666666666666663,27.01,24.0,0,0,0,normal
i-00dfb80a59da9a56d,2026-03-30 19:09:00,1.9638888888888886,27.66,24.0,0,0,0,normal
i-00dfb80a59da9a56d,2026-03-30 19:10:00,16.107951177273783,28.43,24.0,0,0,0,normal
i-00dfb80a59da9a56d,2026-03-30 19:11:00,99.99833183198211,27.31,24.0,0,0,1,critical
i-00dfb80a59da9a56d,2026-03-30 19:12:00,99.99583557996016,27.17,24.0,0,0,1,critical
i-00dfb80a59da9a56d,2026-03-30 19:13:00,99.99388738393766,23.62,24.0,0,0,1,critical
i-00dfb80a59da9a56d,2026-03-30 19:14:00,1.6284716555931147,25.669999999999998,24.0,0,0,0,normal
i-00dfb80a59da9a56d,2026-03-30 19:15:00,91.91144111493396,24.36,24.0,0,0,1,warning
i-00dfb80a59da9a56d,2026-03-30 19:16:00,2.108333333333333,24.75,24.0,0,0,0,normal
i-00dfb80a59da9a56d,2026-03-30 19:17:00,2.4458333333333333,25.74,24.0,0,0,0,normal
i-00dfb80a59da9a56d,2026-03-30 19:18:00,2.661111111111111,25.53,24.0,0,0,0,normal
i-00dfb80a59da9a56d,2026-03-30 19:19:00,2.5495016984713756,23.62,24.0,0,0,0,normal
i-00dfb80a59da9a56d,2026-03-30 19:20:00,1.6284716555931147,25.57,24.0,0,0,0,normal
i-00dfb80a59da9a56d,2026-03-30 19:22:00,2.216666666666667,25.21,24.0,0,0,0,normal
i-00dfb80a59da9a56d,2026-03-31 16:57:00,2.3147734226104397,23.62,24.0,0,0,0,normal
i-00dfb80a59da9a56d,2026-03-31 16:58:00,1.8487378372958487,23.62,24.0,0,0,0,normal
i-00dfb80a59da9a56d,2026-03-31 17:02:00,0.0010467955688276,23.62,24.0,0,0,0,normal
i-00dfb80a59da9a56d,2026-03-31 17:07:00,0.4289565078972376,23.62,24.0,0,0,0,normal
i-00dfb80a59da9a56d,2026-03-31 17:08:00,0.4289565078972376,23.62,24.0,0,0,0,normal
i-00dfb80a59da9a56d,2026-03-31 17:09:00,34.186837632076326,23.62,24.0,0,0,0,normal
i-00dfb80a59da9a56d,2026-03-31 17:10:00,47.34947010566106,23.62,24.0,0,0,0,normal
i-00dfb80a59da9a56d,2026-03-31 17:11:00,99.99500441276871,23.62,24.0,0,0,1,critical
i-00dfb80a59da9a56d,2026-03-31 17:12:00,99.99333553971769,23.62,24.0,0,0,1,critical
i-00dfb80a59da9a56d,2026-03-31 17:13:00,88.3650014709229,23.62,24.0,0,0,1,warning
i-00dfb80a59da9a56d,2026-03-31 17:14:00,66.36966916414603,23.62,24.0,0,0,0,normal
i-00dfb80a59da9a56d,2026-03-31 17:16:00,0.3996469785023229,23.62,24.0,0,0,0,normal
i-00dfb80a59da9a56d,2026-03-31 17:17:00,0.46672591973141897,23.62,24.0,0,0,0,normal
i-00dfb80a59da9a56d,2026-03-31 17:18:00,23.461150613154278,23.62,24.0,0,0,0,normal
i-00dfb80a59da9a56d,2026-03-31 17:19:00,42.59586295986571,23.62,24.0,0,0,0,normal
i-00dfb80a59da9a56d,2026-03-31 17:20:00,54.07569125044631,23.62,24.0,0,0,0,normal
i-00dfb80a59da9a56d,2026-03-31 17:21:00,99.996663719619,23.62,24.0,0,0,1,critical
i-00dfb80a59da9a56d,2026-03-31 17:22:00,99.9983318598095,23.62,24.0,0,0,1,critical
i-00dfb80a59da9a56d,2026-03-31 17:24:00,87.51093539465532,23.62,24.0,0,0,1,warning
i-00dfb80a59da9a56d,2026-03-31 17:25:00,89.99874831572426,23.62,24.0,0,0,1,warning
i-00dfb80a59da9a56d,2026-03-31 17:26:00,99.95,23.62,24.0,0,0,1,critical
i-00dfb80a59da9a56d,2026-03-31 17:27:00,90.01870527299114,23.62,24.0,0,0,1,warning
i-00dfb80a59da9a56d,2026-03-31 17:28:00,63.798015172807766,23.62,24.0,0,0,0,normal
i-00dfb80a59da9a56d,2026-03-31 17:29:00,50.38809471293916,23.62,24.0,0,0,0,normal
i-00dfb80a59da9a56d,2026-03-31 17:31:00,99.975,23.62,24.0,0,0,1,critical
i-00dfb80a59da9a56d,2026-03-31 17:32:00,99.98500220638435,23.62,24.0,0,0,1,critical
i-00dfb80a59da9a56d,2026-03-31 17:33:00,99.9900014709229,23.62,24.0,0,0,1,critical
i-00dfb80a59da9a56d,2026-03-31 17:34:00,99.99166703309693,23.62,24.0,0,0,1,critical
i-00dfb80a59da9a56d,2026-03-31 17:35:00,95.54166695981088,23.62,24.0,0,0,1,critical
i-00dfb80a59da9a56d,2026-03-31 17:36:00,0.507884701846702,23.62,24.0,0,0,0,normal
i-00dfb80a59da9a56d,2026-03-31 17:37:00,0.5039423509233509,23.62,24.0,0,0,0,normal
i-00dfb80a59da9a56d,2026-03-31 17:39:00,9.456665279568119,23.62,24.0,0,1,0,normal
i-00dfb80a59da9a56d,2026-03-31 17:40:00,27.564331356236067,23.62,24.0,0,1,0,normal
i-00dfb80a59da9a56d,2026-03-31 17:41:00,99.98667843404992,23.62,24.0,0,1,1,critical
i-00dfb80a59da9a56d,2026-03-31 17:42:00,99.99333921702495,23.62,24.0,0,1,1,critical
i-00dfb80a59da9a56d,2026-03-31 17:43:00,99.99278170023887,23.62,24.0,0,1,1,critical
i-00dfb80a59da9a56d,2026-03-31 17:44:00,91.0487529418458,23.62,24.0,0,1,1,warning
i-00dfb80a59da9a56d,2026-03-31 17:45:00,72.91733568680998,23.62,24.0,0,1,0,normal
i-00dfb80a59da9a56d,2026-03-31 17:47:00,0.44605067809898735,23.62,24.0,0,1,0,normal
i-00dfb80a59da9a56d,2026-03-31 17:48:00,0.45847822984376935,23.62,24.0,0,1,0,normal
i-00dfb80a59da9a56d,2026-03-31 17:49:00,5.247860137755082,23.62,24.0,0,1,0,normal
i-00dfb80a59da9a56d,2026-03-31 17:50:00,24.198288110204068,23.62,24.0,0,1,0,normal
i-00dfb80a59da9a56d,2026-03-31 17:51:00,99.98499974999582,23.62,24.0,0,1,1,critical
i-00dfb80a59da9a56d,2026-03-31 17:52:00,99.99249987499792,23.62,24.0,0,1,1,critical
i-00dfb80a59da9a56d,2026-03-31 17:53:00,99.9922221388875,23.62,24.0,0,1,1,critical
i-00dfb80a59da9a56d,2026-03-31 17:55:00,99.9946671939433,23.62,24.0,0,1,1,critical
i-00dfb80a59da9a56d,2026-03-31 17:56:00,99.99500441276871,23.62,24.0,0,1,1,critical
i-00dfb80a59da9a56d,2026-03-31 17:57:00,99.99583406619385,23.62,24.0,0,1,1,critical
i-00dfb80a59da9a56d,2026-03-31 17:58:00,99.9972227107959,23.62,24.0,0,1,1,critical
i-00dfb80a59da9a56d,2026-03-31 17:59:00,95.22411684292894,23.62,24.0,0,1,1,critical
i-00dfb80a59da9a56d,2026-03-31 18:00:00,76.26262680767648,23.62,24.0,0,1,0,normal
i-00dfb80a59da9a56d,2026-03-31 18:01:00,0.5166666666666667,23.62,24.0,0,1,0,normal
i-00dfb80a59da9a56d,2026-03-31 18:03:00,0.46930253039957964,23.62,24.0,0,1,0,normal
i-00dfb80a59da9a56d,2026-03-31 18:04:00,0.45206363964261526,23.62,24.0,0,1,0,normal
i-00dfb80a59da9a56d,2026-03-31 18:05:00,0.4615626563396729,23.62,24.0,0,1,0,normal
i-00dfb80a59da9a56d,2026-03-31 18:06:00,0.3916666666666666,23.62,24.0,0,1,0,normal
i-00dfb80a59da9a56d,2026-03-31 18:07:00,0.4460543619085747,23.62,24.0,0,1,0,normal
i-00dfb80a59da9a56d,2026-03-31 18:08:00,0.4307029079390498,23.62,24.0,0,1,0,normal
i-00dfb80a59da9a56d,2026-03-31 18:09:00,1.0827600880046087,23.62,24.0,0,1,0,normal
i-00dfb80a59da9a56d,2026-03-31 18:11:00,20.86420626878223,23.62,24.0,0,1,0,normal
i-00dfb80a59da9a56d,2026-03-31 18:12:00,99.99750220638435,23.62,24.0,0,1,1,critical
i-00dfb80a59da9a56d,2026-03-31 18:13:00,99.99833480425623,23.62,24.0,0,1,1,critical
i-00dfb80a59da9a56d,2026-03-31 18:14:00,99.99708593517673,23.62,24.0,0,1,1,critical
i-00dfb80a59da9a56d,2026-03-31 18:15:00,92.40717063317125,23.62,24.0,0,1,1,warning
i-00dfb80a59da9a56d,2026-03-31 18:16:00,0.4246249146587181,23.62,24.0,0,1,0,normal
i-00dfb80a59da9a56d,2026-03-31 18:17:00,0.45836313542834645,23.62,24.0,0,1,0,normal
i-00dfb80a59da9a56d,2026-03-31 18:19:00,0.43324043064047296,23.62,24.0,0,1,0,normal
i-00dfb80a59da9a56d,2026-03-31 18:20:00,4.71379162911732,23.62,24.0,0,1,0,normal
i-00dfb80a59da9a56d,2026-03-31 18:21:00,99.99166666666666,23.62,24.0,0,1,1,critical
i-00dfb80a59da9a56d,2026-03-31 18:22:00,99.99583333333334,23.62,24.0,0,1,1,critical
i-00dfb80a59da9a56d,2026-03-31 18:23:00,99.99722222222222,23.62,24.0,0,1,1,critical
i-00dfb80a59da9a56d,2026-03-31 18:24:00,99.99791666666667,23.62,24.0,0,1,1,critical
i-00dfb80a59da9a56d,2026-03-31 18:27:00,99.9983318598095,23.62,24.0,0,1,1,critical
i-00dfb80a59da9a56d,2026-03-31 18:28:00,99.9972227107959,23.62,24.0,0,1,1,critical
i-00dfb80a59da9a56d,2026-03-31 18:29:00,99.99791703309693,23.62,24.0,0,1,1,critical
i-00dfb80a59da9a56d,2026-03-31 18:30:00,95.73556818366973,23.62,24.0,0,1,1,critical
i-00dfb80a59da9a56d,2026-03-31 18:31:00,0.525,23.62,24.0,0,1,0,normal
i-00dfb80a59da9a56d,2026-03-31 18:32:00,0.45416666666666666,23.62,24.0,0,1,0,normal
i-00dfb80a59da9a56d,2026-03-31 18:33:00,0.4694444444444444,23.62,24.0,0,1,0,normal
i-00dfb80a59da9a56d,2026-03-31 18:35:00,0.44999999999999996,23.62,24.0,0,1,0,normal
i-00dfb80a59da9a56d,2026-03-31 18:36:00,0.3833333333333333,23.62,24.0,0,1,0,normal
i-00dfb80a59da9a56d,2026-03-31 18:37:00,0.47916666666666663,23.62,24.0,0,1,0,normal
i-00dfb80a59da9a56d,2026-03-31 18:38:00,0.48055555555555557,23.62,24.0,0,1,0,normal
i-00dfb80a59da9a56d,2026-03-31 18:39:00,0.45824854570483353,23.62,24.0,0,1,0,normal
i-00dfb80a59da9a56d,2026-03-31 18:40:00,0.4650174660427485,23.62,24.0,0,1,0,normal
i-00dfb80a59da9a56d,2026-03-31 18:41:00,0.5166666666666667,23.62,24.0,0,1,0,normal
i-00dfb80a59da9a56d,2026-03-31 18:43:00,0.45416666666666666,23.62,24.0,0,1,0,normal
i-00dfb80a59da9a56d,2026-03-31 18:44:00,0.4457503496969293,23.62,24.0,0,1,0,normal
i-00dfb80a59da9a56d,2026-03-31 18:45:00,0.456598613118654,23.62,24.0,0,1,0,normal
i-00dfb80a59da9a56d,2026-03-31 18:46:00,0.3920129447678782,23.62,24.0,0,1,0,normal
i-00dfb80a59da9a56d,2026-03-31 18:47:00,0.4374638759675,23.62,24.0,0,1,0,normal
i-00dfb80a59da9a56d,2026-03-31 18:48:00,0.42231138582882594,23.62,24.0,0,1,0,normal
i-00dfb80a59da9a56d,2026-03-31 18:49:00,0.4396502060382861,23.62,24.0,0,1,0,normal
i-00dfb80a59da9a56d,2026-03-31 18:50:00,0.43172016483062886,23.62,24.0,0,1,0,normal
i-00dfb80a59da9a56d,2026-03-31 18:52:00,0.507884701846702,23.62,24.0,0,1,0,normal
i-00dfb80a59da9a56d,2026-03-31 18:53:00,0.46107699331597124,23.62,24.0,0,1,0,normal
i-00dfb80a59da9a56d,2026-03-31 18:54:00,0.44372441165364507,23.62,24.0,0,1,0,normal
i-00dfb80a59da9a56d,2026-03-31 18:55:00,0.4583128626562494,23.62,24.0,0,1,0,normal
i-00dfb80a59da9a56d,2026-03-31 18:56:00,0.39999999999999997,23.62,24.0,0,1,0,normal
i-00dfb80a59da9a56d,2026-03-31 18:57:00,0.44166666666666665,23.62,24.0,0,1,0,normal
i-00dfb80a59da9a56d,2026-03-31 18:58:00,0.4248847777056193,23.62,24.0,0,1,0,normal
i-00dfb80a59da9a56d,2026-03-31 18:59:00,0.44377409756683517,23.62,24.0,0,1,0,normal
i-00dfb80a59da9a56d,2026-03-31 19:02:00,0.45393867361608353,23.62,24.0,0,1,0,normal
i-00dfb80a59da9a56d,2026-03-31 19:03:00,0.4638793341592113,23.62,24.0,0,1,0,normal
i-00dfb80a59da9a56d,2026-03-31 19:04:00,0.44790950061940843,23.62,24.0,0,1,0,normal
i-00dfb80a59da9a56d,2026-03-31 19:05:00,0.4549942671621935,23.62,24.0,0,1,0,normal
i-00dfb80a59da9a56d,2026-03-31 19:06:00,0.39999999999999997,23.62,24.0,0,1,0,normal
i-00dfb80a59da9a56d,2026-03-31 19:07:00,0.4541666666666666,23.62,24.0,0,1,0,normal
i-00dfb80a59da9a56d,2026-03-31 19:08:00,0.4332181110389526,23.62,24.0,0,1,0,normal
i-00dfb80a59da9a56d,2026-03-31 19:10:00,0.4458537470905811,23.62,24.0,0,1,0,normal
i-00dfb80a59da9a56d,2026-03-31 19:11:00,0.517114832855141,23.62,24.0,0,1,0,normal
i-00dfb80a59da9a56d,2026-03-31 19:12:00,0.45838090567873196,23.62,24.0,0,1,0,normal
i-00dfb80a59da9a56d,2026-03-31 19:13:00,0.46962105585181285,23.62,24.0,0,1,0,normal
i-00dfb80a59da9a56d,2026-03-31 19:14:00,0.4500460418347408,23.62,24.0,0,1,0,normal
i-00dfb80a59da9a56d,2026-03-31 19:15:00,0.4584571047073876,23.62,24.0,0,1,0,normal
i-00dfb80a59da9a56d,2026-03-31 19:16:00,0.40833333333333327,23.62,24.0,0,1,0,normal
i-00dfb80a59da9a56d,2026-03-31 19:17:00,0.4539501876151779,23.62,24.0,0,1,0,normal
i-00dfb80a59da9a56d,2026-03-31 19:19:00,0.44583216899481365,23.62,24.0,0,1,0,normal
i-00dfb80a59da9a56d,2026-03-31 19:20:00,0.43659513089631546,23.62,24.0,0,1,0,normal
i-00dfb80a59da9a56d,2026-03-31 19:21:00,0.508782758102991,23.62,24.0,0,1,0,normal
i-00dfb80a59da9a56d,2026-03-31 19:22:00,0.4500518789432578,23.62,24.0,0,1,0,normal
i-00dfb80a59da9a56d,2026-03-31 19:23:00,0.46684860501233283,23.62,24.0,0,1,0,normal
i-00dfb80a59da9a56d,2026-03-31 19:24:00,0.45212969306452994,23.62,24.0,0,1,0,normal
i-00dfb80a59da9a56d,2026-03-31 19:25:00,0.461703754451624,23.62,24.0,0,1,0,normal
i-00dfb80a59da9a56d,2026-03-31 19:27:00,0.42916666666666664,23.62,24.0,0,1,0,normal
i-00dfb80a59da9a56d,2026-03-31 19:28:00,0.4167820927004038,23.62,24.0,0,1,0,normal
i-00dfb80a59da9a56d,2026-03-31 19:29:00,0.4355032361919695,23.62,24.0,0,1,0,normal
i-00dfb80a59da9a56d,2026-03-31 19:30:00,0.42666678891028054,23.62,24.0,0,1,0,normal
i-00dfb80a59da9a56d,2026-03-31 19:31:00,0.5171234590554991,23.62,24.0,0,1,0,normal
i-00dfb80a59da9a56d,2026-03-31 19:32:00,0.45439506286108283,23.62,24.0,0,1,0,normal
i-00dfb80a59da9a56d,2026-03-31 19:33:00,0.466674290043757,23.62,24.0,0,1,0,normal
i-00dfb80a59da9a56d,2026-03-31 19:34:00,0.4479223841994844,23.62,24.0,0,1,0,normal
i-00dfb80a59da9a56d,2026-03-31 19:36:00,0.3916666666666666,23.62,24.0,0,1,0,normal
i-00dfb80a59da9a56d,2026-03-31 19:37:00,0.4458333333333333,23.62,24.0,0,1,0,normal
i-00dfb80a59da9a56d,2026-03-31 19:38:00,0.42766472760644475,23.62,24.0,0,1,0,normal
i-00dfb80a59da9a56d,2026-03-31 19:39:00,0.4437718325534357,23.62,24.0,0,1,0,normal
i-00dfb80a59da9a56d,2026-03-31 19:40:00,0.43335079937608184,23.62,24.0,0,1,0,normal
i-00dfb80a59da9a56d,2026-03-31 19:41:00,0.5,23.62,24.0,0,1,0,normal
i-00dfb80a59da9a56d,2026-03-31 19:42:00,0.44999999999999996,23.62,24.0,0,1,0,normal
i-00dfb80a59da9a56d,2026-03-31 19:43:00,0.4666666666666666,23.62,24.0,0,1,0,normal
i-00dfb80a59da9a56d,2026-03-31 19:45:00,0.44366726058648187,23.62,24.0,0,1,0,normal
i-00dfb80a59da9a56d,2026-03-31 19:46:00,0.3833333333333333,23.62,24.0,0,1,0,normal
i-00dfb80a59da9a56d,2026-03-31 19:47:00,0.4458333333333333,23.62,24.0,0,1,0,normal
i-00dfb80a59da9a56d,2026-03-31 19:48:00,0.42777777777777776,23.62,24.0,0,1,0,normal
i-00dfb80a59da9a56d,2026-03-31 19:49:00,0.44156203512511377,23.62,24.0,0,1,0,normal
i-00dfb80a59da9a56d,2026-03-31 19:50:00,0.428249628100091,23.62,24.0,0,1,0,normal
i-00dfb80a59da9a56d,2026-03-31 19:51:00,0.4754120237539201,23.62,24.0,0,1,0,normal
i-00dfb80a59da9a56d,2026-03-31 19:52:00,0.44585894600071946,23.62,24.0,0,1,0,normal
i-00dfb80a59da9a56d,2026-03-31 19:54:00,0.44377936401948154,23.62,24.0,0,1,0,normal
i-00dfb80a59da9a56d,2026-03-31 19:55:00,0.4534437624551802,23.62,24.0,0,1,0,normal
i-00dfb80a59da9a56d,2026-03-31 19:56:00,0.3830013987877173,23.62,24.0,0,1,0,normal
i-00dfb80a59da9a56d,2026-03-31 19:57:00,0.4415006993938586,23.62,24.0,0,1,0,normal
i-00dfb80a59da9a56d,2026-03-31 19:58:00,0.4277827887198131,23.62,24.0,0,1,0,normal
i-00dfb80a59da9a56d,2026-03-31 19:59:00,0.4437537582065265,23.62,24.0,0,1,0,normal
i-00dfb80a59da9a56d,2026-03-31 20:00:00,0.43326850979575476,23.62,24.0,0,1,0,normal
i-00dfb80a59da9a56d,2026-03-31 20:02:00,0.5087742710348969,23.62,24.0,0,1,0,normal
i-00dfb80a59da9a56d,2026-03-31 20:03:00,0.4584803125671879,23.62,24.0,0,1,0,normal
i-00dfb80a59da9a56d,2026-03-31 20:04:00,0.4417769010920576,23.62,24.0,0,1,0,normal
i-00dfb80a59da9a56d,2026-03-31 20:05:00,0.4517548542069794,23.62,24.0,0,1,0,normal
i-00dfb80a59da9a56d,2026-03-31 20:06:00,0.3829950210647261,23.62,24.0,0,1,0,normal
i-00dfb80a59da9a56d,2026-03-31 20:07:00,0.4498308438656964,23.62,24.0,0,1,0,normal
i-00dfb80a59da9a56d,2026-03-31 20:08:00,0.4305582108330903,23.62,24.0,0,1,0,normal
i-00dfb80a59da9a56d,2026-03-31 20:09:00,0.4437519914581511,23.62,24.0,0,1,0,normal
i-00dfb80a59da9a56d,2026-03-31 20:12:00,0.4499488233072901,23.62,24.0,0,1,0,normal
i-00dfb80a59da9a56d,2026-03-31 20:13:00,0.46371285704888415,23.62,24.0,0,1,0,normal
i-00dfb80a59da9a56d,2026-03-31 20:14:00,0.44787138462959364,23.62,24.0,0,1,0,normal
i-00dfb80a59da9a56d,2026-03-31 20:15:00,0.4549637743703416,23.62,24.0,0,1,0,normal
i-00dfb80a59da9a56d,2026-03-31 20:16:00,0.39999999999999997,23.62,24.0,0,1,0,normal
i-00dfb80a59da9a56d,2026-03-31 20:17:00,0.44999999999999996,23.62,24.0,0,1,0,normal
i-00dfb80a59da9a56d,2026-03-31 20:19:00,0.4333333333333333,23.62,24.0,0,1,0,normal
i-00dfb80a59da9a56d,2026-03-31 20:20:00,0.43999999999999995,23.62,24.0,0,1,0,normal
i-00dfb80a59da9a56d,2026-03-31 20:21:00,0.5,23.62,24.0,0,1,0,normal
i-00dfb80a59da9a56d,2026-03-31 20:22:00,0.44999999999999996,23.62,24.0,0,1,0,normal
i-00dfb80a59da9a56d,2026-03-31 20:23:00,0.4666666666666666,23.62,24.0,0,1,0,normal
i-00dfb80a59da9a56d,2026-03-31 20:24:00,0.44999999999999996,23.62,24.0,0,1,0,normal
i-00dfb80a59da9a56d,2026-03-31 20:25:00,0.45999999999999996,23.62,24.0,0,1,0,normal
i-00dfb80a59da9a56d,2026-03-31 20:26:00,0.3913209997835246,23.62,24.0,0,1,0,normal
i-00dfb80a59da9a56d,2026-03-31 20:28:00,0.43046510440087354,23.62,24.0,0,1,0,normal
i-00dfb80a59da9a56d,2026-03-31 20:29:00,0.4436821616339885,23.62,24.0,0,1,0,normal
i-00dfb80a59da9a56d,2026-03-31 20:30:00,0.435016458451268,23.62,24.0,0,1,0,normal
i-00dfb80a59da9a56d,2026-03-31 20:31:00,0.507884701846702,23.62,24.0,0,1,0,normal
i-00dfb80a59da9a56d,2026-03-31 20:32:00,0.45411917378354416,23.62,24.0,0,1,0,normal
i-00dfb80a59da9a56d,2026-03-31 20:33:00,0.48885722696680717,23.62,24.0,0,1,0,normal
i-00dfb80a59da9a56d,2026-03-31 20:34:00,0.46655632860450985,23.62,24.0,0,1,0,normal
i-00dfb80a59da9a56d,2026-03-31 20:36:00,0.39200640555147787,23.62,24.0,0,1,0,normal
i-00dfb80a59da9a56d,2026-03-31 20:37:00,0.44183653610907225,23.62,24.0,0,1,0,normal
i-00dfb80a59da9a56d,2026-03-31 20:38:00,0.43066880185049256,23.62,24.0,0,1,0,normal
i-00dfb80a59da9a56d,2026-03-31 20:39:00,0.4437282928104461,23.62,24.0,0,1,0,normal
i-00dfb80a59da9a56d,2026-03-31 20:40:00,0.43505336339243417,23.62,24.0,0,1,0,normal
i-00dfb80a59da9a56d,2026-03-31 20:41:00,0.5,23.62,24.0,0,1,0,normal
i-00dfb80a59da9a56d,2026-03-31 20:42:00,0.4458333333333333,23.62,24.0,0,1,0,normal
i-00dfb80a59da9a56d,2026-03-31 20:43:00,0.4637417965981901,23.62,24.0,0,1,0,normal
i-00dfb80a59da9a56d,2026-03-31 20:45:00,0.45998247376965795,23.62,24.0,0,1,0,normal
i-00dfb80a59da9a56d,2026-03-31 20:46:00,0.3913144836313983,23.62,24.0,0,1,0,normal
i-00dfb80a59da9a56d,2026-03-31 20:47:00,0.43732793632727435,23.62,24.0,0,1,0,normal
i-00dfb80a59da9a56d,2026-03-31 20:48:00,0.4276630686626273,23.62,24.0,0,1,0,normal
i-00dfb80a59da9a56d,2026-03-31 20:49:00,0.4458578157845912,23.62,24.0,0,1,0,normal
i-00dfb80a59da9a56d,2026-03-31 20:50:00,0.4316862526276729,23.62,24.0,0,1,0,normal
i-00dfb80a59da9a56d,2026-03-31 20:51:00,0.5083333333333333,23.62,24.0,0,1,0,normal
i-00dfb80a59da9a56d,2026-03-31 20:52:00,0.44999999999999996,23.62,24.0,0,1,0,normal
i-00dfb80a59da9a56d,2026-03-31 20:54:00,0.44999999999999996,23.62,24.0,0,1,0,normal
i-00dfb80a59da9a56d,2026-03-31 20:55:00,0.458246548881821,23.62,24.0,0,1,0,normal
i-00dfb80a59da9a56d,2026-03-31 20:56:00,0.4003536457203863,23.62,24.0,0,1,0,normal
i-00dfb80a59da9a56d,2026-03-31 20:57:00,0.44601015619352646,23.62,24.0,0,1,0,normal
i-00dfb80a59da9a56d,2026-03-31 20:58:00,0.4305557636297919,23.62,24.0,0,1,0,normal
i-00dfb80a59da9a56d,2026-03-31 20:59:00,0.44594216177183765,23.62,24.0,0,1,0,normal
i-00dfb80a59da9a56d,2026-03-31 21:00:00,0.4350192326480037,23.62,24.0,0,1,0,normal
i-00dfb80a59da9a56d,2026-03-31 21:02:00,0.45438713551744847,23.62,24.0,0,1,0,normal
i-00dfb80a59da9a56d,2026-03-31 21:03:00,0.46403586812274344,23.62,24.0,0,1,0,normal
i-00dfb80a59da9a56d,2026-03-31 21:04:00,0.4501102344253909,23.62,24.0,0,1,0,normal
i-00dfb80a59da9a56d,2026-03-31 21:05:00,0.45675485420697937,23.62,24.0,0,1,0,normal
i-00dfb80a59da9a56d,2026-03-31 21:06:00,0.3916666666666666,23.62,24.0,0,1,0,normal
i-00dfb80a59da9a56d,2026-03-31 21:07:00,0.4416666666666666,23.62,24.0,0,1,0,normal
i-00dfb80a59da9a56d,2026-03-31 21:08:00,0.425,23.62,24.0,0,1,0,normal
i-00dfb80a59da9a56d,2026-03-31 21:09:00,0.44375,23.62,24.0,0,1,0,normal
i-00dfb80a59da9a56d,2026-03-31 21:11:00,0.5,23.62,24.0,0,1,0,normal
i-00dfb80a59da9a56d,2026-03-31 21:12:00,0.4458333333333333,23.62,24.0,0,1,0,normal
i-00dfb80a59da9a56d,2026-03-31 21:13:00,0.4637417965981901,23.62,24.0,0,1,0,normal
i-00dfb80a59da9a56d,2026-03-31 21:14:00,0.4498896807819759,23.62,24.0,0,1,0,normal
i-00dfb80a59da9a56d,2026-03-31 21:15:00,0.4566638756746741,23.62,24.0,0,1,0,normal
i-00dfb80a59da9a56d,2026-03-31 21:16:00,0.39999999999999997,23.62,24.0,0,1,0,normal
i-00dfb80a59da9a56d,2026-03-31 21:17:00,0.44166666666666665,23.62,24.0,0,1,0,normal
i-00dfb80a59da9a56d,2026-03-31 21:18:00,0.425,23.62,24.0,0,1,0,normal
i-00dfb80a59da9a56d,2026-03-31 21:20:00,0.4458333333333333,23.62,24.0,0,1,0,normal
i-00dfb80a59da9a56d,2026-03-31 21:21:00,0.5,23.62,24.0,0,1,0,normal
i-00dfb80a59da9a56d,2026-03-31 21:22:00,0.4456637580763338,23.62,24.0,0,1,0,normal
i-00dfb80a59da9a56d,2026-03-31 21:23:00,0.4611402211823587,23.62,24.0,0,1,0,normal
i-00dfb80a59da9a56d,2026-03-31 21:24:00,0.4479384992201023,23.62,24.0,0,1,0,normal
i-00dfb80a59da9a56d,2026-03-31 21:25:00,0.4566841327094152,23.62,24.0,0,1,0,normal
i-00dfb80a59da9a56d,2026-03-31 21:26:00,0.3833333333333333,23.62,24.0,0,1,0,normal
i-00dfb80a59da9a56d,2026-03-31 21:28:00,0.43749999999999994,23.62,24.0,0,1,0,normal
i-00dfb80a59da9a56d,2026-03-31 21:29:00,0.44169076423350184,23.62,24.0,0,1,0,normal
i-00dfb80a59da9a56d,2026-03-31 21:30:00,0.43328200708726605,23.62,24.0,0,1,0,normal
i-00dfb80a59da9a56d,2026-03-31 21:31:00,0.508782758102991,23.62,24.0,0,1,0,normal
i-00dfb80a59da9a56d,2026-03-31 21:32:00,0.44589207844535417,23.62,24.0,0,1,0,normal
i-00dfb80a59da9a56d,2026-03-31 21:33:00,0.4612924347617056,23.62,24.0,0,1,0,normal
i-00dfb80a59da9a56d,2026-03-31 21:34:00,0.45004406005625913,23.62,24.0,0,1,0,normal
i-00dfb80a59da9a56d,2026-03-31 21:35:00,0.45845551928460226,23.62,24.0,0,1,0,normal
i-00dfb80a59da9a56d,2026-03-31 21:37:00,0.4416666666666666,23.62,24.0,0,1,0,normal
i-00dfb80a59da9a56d,2026-03-31 21:38:00,0.42777777777777776,23.62,24.0,0,1,0,normal
i-00dfb80a59da9a56d,2026-03-31 21:39:00,0.4458333333333333,23.62,24.0,0,1,0,normal
i-00dfb80a59da9a56d,2026-03-31 21:40:00,0.4383333333333333,23.62,24.0,0,1,0,normal
i-00dfb80a59da9a56d,2026-03-31 21:41:00,0.5,23.62,24.0,0,1,0,normal
i-00dfb80a59da9a56d,2026-03-31 21:42:00,0.44566049989176226,23.62,24.0,0,1,0,normal
i-00dfb80a59da9a56d,2026-03-31 21:43:00,0.4639210189780025,23.62,24.0,0,1,0,normal
i-00dfb80a59da9a56d,2026-03-31 21:44:00,0.45002409756683515,23.62,24.0,0,1,0,normal
i-00dfb80a59da9a56d,2026-03-31 21:46:00,0.3916666666666666,23.62,24.0,0,1,0,normal
i-00dfb80a59da9a56d,2026-03-31 21:47:00,0.44583750006944556,23.62,24.0,0,1,0,normal
i-00dfb80a59da9a56d,2026-03-31 21:48:00,0.4250027778240748,23.62,24.0,0,1,0,normal
i-00dfb80a59da9a56d,2026-03-31 21:49:00,0.4438605106717193,23.62,24.0,0,1,0,normal
i-00dfb80a59da9a56d,2026-03-31 21:50:00,0.4350884085373754,23.62,24.0,0,1,0,normal
i-00dfb80a59da9a56d,2026-03-31 21:51:00,0.507884701846702,23.62,24.0,0,1,0,normal
i-00dfb80a59da9a56d,2026-03-31 21:52:00,0.45411917378354416,23.62,24.0,0,1,0,normal
i-00dfb80a59da9a56d,2026-03-31 21:54:00,0.46649036399206456,23.62,24.0,0,1,0,normal
i-00dfb80a59da9a56d,2026-03-31 21:55:00,0.4616507700158369,23.62,24.0,0,1,0,normal
i-00dfb80a59da9a56d,2026-03-31 21:56:00,0.3913275161526676,23.62,24.0,0,1,0,normal
i-00dfb80a59da9a56d,2026-03-31 21:57:00,0.4414970914096671,23.62,24.0,0,1,0,normal
i-00dfb80a59da9a56d,2026-03-31 21:58:00,0.425000196123604,23.62,24.0,0,1,0,normal
i-00dfb80a59da9a56d,2026-03-31 21:59:00,0.44166681375936967,23.62,24.0,0,1,0,normal
i-00dfb80a59da9a56d,2026-03-31 22:00:00,0.43326284670796034,23.62,24.0,0,1,0,normal
i-00dfb80a59da9a56d,2026-03-31 22:01:00,0.5171234590554991,23.62,24.0,0,1,0,normal
i-00dfb80a59da9a56d,2026-03-31 22:03:00,0.46670370850189674,23.62,24.0,0,1,0,normal
i-00dfb80a59da9a56d,2026-03-31 22:04:00,0.45211111470975585,23.62,24.0,0,1,0,normal
i-00dfb80a59da9a56d,2026-03-31 22:05:00,0.4617773031979013,23.62,24.0,0,1,0,normal
i-00dfb80a59da9a56d,2026-03-31 22:06:00,0.40795937057697107,23.62,24.0,0,1,0,normal
i-00dfb80a59da9a56d,2026-03-31 22:07:00,0.454209062217337,23.62,24.0,0,1,0,normal
i-00dfb80a59da9a56d,2026-03-31 22:08:00,0.43324637473939953,23.62,24.0,0,1,0,normal
i-00dfb80a59da9a56d,2026-03-31 22:09:00,0.44796012010404335,23.62,24.0,0,1,0,normal
i-00dfb80a59da9a56d,2026-03-31 22:11:00,0.5087742710348969,23.62,24.0,0,1,0,normal
i-00dfb80a59da9a56d,2026-03-31 22:12:00,0.4625366034874083,23.62,24.0,0,1,0,normal
i-00dfb80a59da9a56d,2026-03-31 22:13:00,0.47239152105759713,23.62,24.0,0,1,0,normal
i-00dfb80a59da9a56d,2026-03-31 22:14:00,0.4522103074598645,23.62,24.0,0,1,0,normal
i-00dfb80a59da9a56d,2026-03-31 22:15:00,0.4616816543472961,23.62,24.0,0,1,0,normal
i-00dfb80a59da9a56d,2026-03-31 22:16:00,0.4003469673717221,23.62,24.0,0,1,0,normal
i-00dfb80a59da9a56d,2026-03-31 22:17:00,0.4460068170191943,23.62,24.0,0,1,0,normal
i-00dfb80a59da9a56d,2026-03-31 22:18:00,0.42789343356835174,23.62,24.0,0,1,0,normal
i-00dfb80a59da9a56d,2026-03-31 22:20:00,0.4458118356505194,23.62,24.0,0,1,0,normal
i-00dfb80a59da9a56d,2026-03-31 22:21:00,0.5083333333333333,23.62,24.0,0,1,0,normal
i-00dfb80a59da9a56d,2026-03-31 22:22:00,0.45851043126264984,23.62,24.0,0,1,0,normal
i-00dfb80a59da9a56d,2026-03-31 22:23:00,0.4667847319528777,23.62,24.0,0,1,0,normal
i-00dfb80a59da9a56d,2026-03-31 22:24:00,0.44583889866158755,23.62,24.0,0,1,0,normal
i-00dfb80a59da9a56d,2026-03-31 22:25:00,0.45842597313624944,23.62,24.0,0,1,0,normal
i-00dfb80a59da9a56d,2026-03-31 22:26:00,0.40833333333333327,23.62,24.0,0,1,0,normal
i-00dfb80a59da9a56d,2026-03-31 22:28:00,0.4414570601524209,23.62,24.0,0,1,0,normal
i-00dfb80a59da9a56d,2026-03-31 22:29:00,0.44373176626818,23.62,24.0,0,1,0,normal
i-00dfb80a59da9a56d,2026-03-31 22:30:00,0.43165207968121067,23.62,24.0,0,1,0,normal
i-00dfb80a59da9a56d,2026-03-31 22:31:00,0.525,23.62,24.0,0,1,0,normal
i-00dfb80a59da9a56d,2026-03-31 22:32:00,0.4625,23.62,24.0,0,1,0,normal
i-00dfb80a59da9a56d,2026-03-31 22:33:00,0.46930225523010227,23.62,24.0,0,1,0,normal
i-00dfb80a59da9a56d,2026-03-31 22:34:00,0.44789475237641924,23.62,24.0,0,1,0,normal
i-00dfb80a59da9a56d,2026-03-31 22:35:00,0.4599824685678021,23.62,24.0,0,1,0,normal
i-00dfb80a59da9a56d,2026-03-31 22:37:00,0.4456204622660361,23.62,24.0,0,1,0,normal
i-00dfb80a59da9a56d,2026-03-31 22:38:00,0.42218873548102054,23.62,24.0,0,1,0,normal
i-00dfb80a59da9a56d,2026-03-31 22:39:00,0.4332071947200707,23.62,24.0,0,1,0,normal
i-00dfb80a59da9a56d,2026-03-31 22:40:00,0.4249670368863521,23.62,24.0,0,1,0,normal
i-00dfb80a59da9a56d,2026-03-31 22:41:00,0.5166666666666667,23.62,24.0,0,1,0,normal
i-00dfb80a59da9a56d,2026-03-31 22:42:00,0.45399709140966715,23.62,24.0,0,1,0,normal
i-00dfb80a59da9a56d,2026-03-31 22:43:00,0.469475964011329,23.62,24.0,0,1,0,normal
i-00dfb80a59da9a56d,2026-03-31 22:45:00,0.44670159124104697,23.62,24.0,0,1,0,normal
i-00dfb80a59da9a56d,2026-03-31 22:46:00,0.40833333333333327,23.62,24.0,0,1,0,normal
i-00dfb80a59da9a56d,2026-03-31 22:47:00,0.44978712893270273,23.62,24.0,0,1,0,normal
i-00dfb80a59da9a56d,2026-03-31 22:48:00,0.42485808595513513,23.62,24.0,0,1,0,normal
i-00dfb80a59da9a56d,2026-03-31 22:49:00,0.44364356446635134,23.62,24.0,0,1,0,normal
i-00dfb80a59da9a56d,2026-03-31 22:50:00,0.42997990795527896,23.62,24.0,0,1,0,normal
i-00dfb80a59da9a56d,2026-03-31 22:52:00,0.4912409245320722,23.62,24.0,0,1,0,normal
i-00dfb80a59da9a56d,2026-03-31 22:53:00,0.45816275153854075,23.62,24.0,0,1,0,normal
i-00dfb80a59da9a56d,2026-03-31 22:54:00,0.439538524586714,23.62,24.0,0,1,0,normal
i-00dfb80a59da9a56d,2026-03-31 22:55:00,0.45163081966937124,23.62,24.0,0,1,0,normal
i-00dfb80a59da9a56d,2026-03-31 22:56:00,0.399653633517618,23.62,24.0,0,1,0,normal
i-00dfb80a59da9a56d,2026-03-31 22:57:00,0.4456601500921423,23.62,24.0,0,1,0,normal
i-00dfb80a59da9a56d,2026-03-31 22:58:00,0.4276601463939893,23.62,24.0,0,1,0,normal
i-00dfb80a59da9a56d,2026-03-31 22:59:00,0.4437704488449857,23.62,24.0,0,1,0,normal
i-00dfb80a59da9a56d,2026-03-31 23:01:00,0.5333333333333333,23.62,24.0,0,1,0,normal
i-00dfb80a59da9a56d,2026-03-31 23:02:00,0.46249999999999997,23.62,24.0,0,1,0,normal
i-00dfb80a59da9a56d,2026-04-01 04:02:00,0.4498271665584289,23.62,24.0,0,1,0,normal
i-00dfb80a59da9a56d,2026-04-01 04:30:00,0.44007530056940347,23.62,24.0,0,1,0,normal
i-00dfb80a59da9a56d,2026-04-01 04:32:00,0.5333333333333333,23.62,24.0,0,1,0,normal
i-00dfb80a59da9a56d,2026-04-01 04:33:00,34.70118798897529,23.62,24.0,0,1,0,normal
i-00dfb80a59da9a56d,2026-04-01 04:34:00,51.02589099173147,23.62,24.0,0,1,0,normal
i-00dfb80a59da9a56d,2026-04-01 04:35:00,60.82071279338518,23.62,24.0,0,1,0,normal
i-00dfb80a59da9a56d,2026-04-01 04:36:00,9.633157377649741,23.65,24.0,0,1,0,normal
i-00dfb80a59da9a56d,2026-04-01 04:37:00,54.09157868882487,64.88,24.0,0,1,0,normal
i-00dfb80a59da9a56d,2026-04-01 04:38:00,69.39438579254991,50.78,24.0,0,1,0,normal
i-00dfb80a59da9a56d,2026-04-01 04:40:00,77.0432893860784,64.98,24.0,0,1,0,normal
i-00dfb80a59da9a56d,2026-04-01 04:41:00,99.99166666666666,67.35,24.0,0,1,1,critical
i-00dfb80a59da9a56d,2026-04-01 04:42:00,76.18979856346722,22.74,24.0,0,1,0,normal
i-00dfb80a59da9a56d,2026-04-01 04:43:00,83.83572478684563,23.35,24.0,0,1,1,warning
i-00dfb80a59da9a56d,2026-04-01 04:44:00,87.86637692346756,23.58,24.0,0,1,1,warning
i-00dfb80a59da9a56d,2026-04-01 04:45:00,90.28476820544071,24.04,24.0,0,1,1,warning
i-00dfb80a59da9a56d,2026-04-01 04:46:00,14.433333333333334,23.62,24.0,0,1,0,normal
i-00dfb80a59da9a56d,2026-04-01 04:47:00,1.6284716555931147,22.44,49.0,0,1,0,normal
i-00dfb80a59da9a56d,2026-04-01 04:48:00,13.495833333333334,22.42,49.0,0,1,0,normal
i-00dfb80a59da9a56d,2026-04-01 04:49:00,34.32674002031621,69.91,49.0,0,1,0,normal
i-00dfb80a59da9a56d,2026-04-01 04:50:00,47.46039289880671,76.0,49.0,0,1,0,normal
i-00dfb80a59da9a56d,2026-04-01 04:51:00,100.0,70.17,49.0,0,1,1,critical
i-00dfb80a59da9a56d,2026-04-01 04:52:00,99.99583333333334,70.03,37.0,0,1,1,critical
i-00dfb80a59da9a56d,2026-04-01 04:53:00,99.99722222222222,70.16,37.0,0,1,1,critical
i-00dfb80a59da9a56d,2026-04-01 04:54:00,76.30321459153488,22.16,24.0,0,1,0,normal
i-00dfb80a59da9a56d,2026-04-01 04:57:00,99.998334776527,23.66,24.0,0,1,1,critical
i-00dfb80a59da9a56d,2026-04-01 04:58:00,99.99722173865395,23.18,24.0,0,1,1,critical
i-00dfb80a59da9a56d,2026-04-01 04:59:00,99.99791630399046,23.69,24.0,0,1,1,critical
i-00dfb80a59da9a56d,2026-04-01 05:00:00,94.92818774818178,23.52,24.0,0,1,1,warning
i-00dfb80a59da9a56d,2026-04-01 05:01:00,2.1314505520123888,24.2,24.0,0,1,0,normal
i-00dfb80a59da9a56d,2026-04-01 05:02:00,2.178225276006194,24.24,24.0,0,1,0,normal
i-00dfb80a59da9a56d,2026-04-01 05:03:00,2.182705739559685,23.62,24.0,0,1,0,normal
i-00dfb80a59da9a56d,2026-04-01 05:04:00,1.6284716555931147,23.01,24.0,0,1,0,normal
i-00dfb80a59da9a56d,2026-04-01 05:05:00,3.9899048867882847,22.97,24.0,0,1,0,normal
i-00dfb80a59da9a56d,2026-04-01 05:06:00,100.0,22.91,24.0,0,1,1,critical
i-00dfb80a59da9a56d,2026-04-01 05:07:00,99.99583333333334,23.33,24.0,0,1,1,critical
i-00dfb80a59da9a56d,2026-04-01 05:08:00,99.99722222222222,22.95,24.0,0,1,1,critical
i-00dfb80a59da9a56d,2026-04-01 05:09:00,99.99666776985885,22.95,24.0,0,1,1,critical
i-00dfb80a59da9a56d,2026-04-01 05:10:00,99.99666695981088,23.23,24.0,0,1,1,critical
i-00dfb80a59da9a56d,2026-04-01 05:11:00,100.0,23.62,24.0,0,1,1,critical
i-00dfb80a59da9a56d,2026-04-01 05:12:00,1.6284716555931147,23.93,24.0,0,1,0,normal
i-00dfb80a59da9a56d,2026-04-01 05:13:00,99.99388338393443,23.45,24.0,0,1,1,critical
i-00dfb80a59da9a56d,2026-04-01 05:14:00,99.99541253795083,23.3,24.0,0,1,1,critical
i-00dfb80a59da9a56d,2026-04-01 05:15:00,97.894663363694,22.95,24.0,0,1,1,critical
i-00dfb80a59da9a56d,2026-04-01 05:16:00,2.12312457329359,23.84,24.0,0,1,0,normal
i-00dfb80a59da9a56d,2026-04-01 05:17:00,2.1541941114253493,26.08,24.0,0,1,0,normal
i-00dfb80a59da9a56d,2026-04-01 05:18:00,2.1416849631724553,23.67,24.0,0,1,0,normal
i-00dfb80a59da9a56d,2026-04-01 05:19:00,2.157868997807304,23.62,24.0,0,1,0,normal
i-00dfb80a59da9a56d,2026-04-01 05:20:00,1.6284716555931147,24.21,24.0,0,1,0,normal
i-00dfb80a59da9a56d,2026-04-01 05:21:00,2.233333333333333,24.05,24.0,0,1,0,normal
i-00dfb80a59da9a56d,2026-04-01 05:22:00,2.1657050481503064,24.19,24.0,0,1,0,normal
i-00dfb80a59da9a56d,2026-04-01 05:23:00,2.172236733242343,24.48,24.0,0,1,0,normal
i-00dfb80a59da9a56d,2026-04-01 05:24:00,2.1537142092160564,22.89,24.0,0,1,0,normal
i-00dfb80a59da9a56d,2026-04-01 05:25:00,2.17131217305294,23.11,24.0,0,1,0,normal
i-00dfb80a59da9a56d,2026-04-01 05:26:00,93.94131482809814,72.32,24.0,0,1,1,warning
i-00dfb80a59da9a56d,2026-04-01 05:27:00,96.97065741404907,23.62,24.0,0,1,1,critical
i-00dfb80a59da9a56d,2026-04-01 05:28:00,1.6284716555931147,70.15,24.0,0,1,0,normal
i-00dfb80a59da9a56d,2026-04-01 05:29:00,98.4828264549977,71.3,24.0,0,1,1,critical
i-00dfb80a59da9a56d,2026-04-01 05:30:00,98.78626116399816,70.29,24.0,0,1,1,critical
i-00dfb80a59da9a56d,2026-04-01 05:31:00,8.408473474557908,22.6,24.0,0,1,0,normal
i-00dfb80a59da9a56d,2026-04-01 05:32:00,5.333403403945621,22.91,24.0,0,1,0,normal
i-00dfb80a59da9a56d,2026-04-01 05:33:00,4.300704887721133,23.85,24.0,0,1,0,normal
i-00dfb80a59da9a56d,2026-04-01 05:34:00,3.7567786657908497,22.79,24.0,0,1,0,normal
i-00dfb80a59da9a56d,2026-04-01 05:35:00,3.4466998047289947,22.97,24.0,0,1,0,normal
i-00dfb80a59da9a56d,2026-04-01 05:37:00,2.1509320038256017,23.91,24.0,0,1,0,normal
i-00dfb80a59da9a56d,2026-04-01 05:38:00,2.133954669217068,22.04,24.0,0,1,0,normal
i-00dfb80a59da9a56d,2026-04-01 05:39:00,2.158297287089475,24.39,24.0,0,1,0,normal
i-00dfb80a59da9a56d,2026-04-01 05:40:00,2.152020674231684,23.42,24.0,0,1,0,normal
i-00dfb80a59da9a56d,2026-04-01 05:41:00,2.1980583817627766,23.55,24.0,0,1,0,normal
i-00dfb80a59da9a56d,2026-04-01 05:42:00,2.1615291908813883,23.37,24.0,0,1,0,normal
i-00dfb80a59da9a56d,2026-04-01 05:43:00,2.1916825463133165,23.6,24.0,0,1,0,normal
i-00dfb80a59da9a56d,2026-04-01 05:45:00,2.1996123786031037,21.95,24.0,0,1,0,normal
i-00dfb80a59da9a56d,2026-04-01 05:46:00,1.0092248152534737,23.85,24.0,0,1,0,normal
i-00dfb80a59da9a56d,2026-04-01 05:47:00,1.3462790742934034,21.99,24.0,0,1,0,normal
i-00dfb80a59da9a56d,2026-04-01 05:48:00,1.6225193828622688,21.56,24.0,0,1,0,normal
i-00dfb80a59da9a56d,2026-04-01 05:49:00,1.793972870480035,21.96,24.0,0,1,0,normal
i-00dfb80a59da9a56d,2026-04-01 05:50:00,1.866844963050695,21.51,24.0,0,1,0,normal
i-00dfb80a59da9a56d,2026-04-01 05:51:00,2.283333333333333,21.92,24.0,0,1,0,normal
i-00dfb80a59da9a56d,2026-04-01 05:53:00,2.2521109593932764,21.9,24.0,0,1,0,normal
i-00dfb80a59da9a56d,2026-04-01 05:54:00,2.1078332195449576,21.44,24.0,0,1,0,normal
i-00dfb80a59da9a56d,2026-04-01 05:55:00,2.1379332423026325,21.93,24.0,0,1,0,normal
i-00dfb80a59da9a56d,2026-04-01 05:56:00,2.13521944384206,21.93,24.0,0,1,0,normal
i-00dfb80a59da9a56d,2026-04-01 05:57:00,2.2082878009192317,21.58,24.0,0,1,0,normal
i-00dfb80a59da9a56d,2026-04-01 05:58:00,2.0332842753103315,21.95,24.0,0,1,0,normal
i-00dfb80a59da9a56d,2026-04-01 06:00:00,2.1025663826746546,21.92,24.0,0,1,0,normal
i-00dfb80a59da9a56d,2026-04-01 06:01:00,2.3062577014020715,21.56,24.0,0,1,0,normal
i-00dfb80a59da9a56d,2026-04-01 06:02:00,2.254119742503658,22.04,24.0,0,1,0,normal
i-00dfb80a59da9a56d,2026-04-01 06:03:00,2.2659612108922915,21.57,24.0,0,1,0,normal
i-00dfb80a59da9a56d,2026-04-01 06:04:00,2.2499571710347497,21.98,24.0,0,1,0,normal
i-00dfb80a59da9a56d,2026-04-01 06:05:00,9.108299070161134,21.63,24.0,0,1,0,normal
i-00dfb80a59da9a56d,2026-04-01 06:06:00,100.0,23.5,24.0,0,1,1,critical
i-00dfb80a59da9a56d,2026-04-01 06:07:00,99.99249987499792,23.62,24.0,0,1,1,critical
i-00dfb80a59da9a56d,2026-04-01 06:08:00,1.6284716555931147,24.01,24.0,0,1,0,normal
i-00dfb80a59da9a56d,2026-04-01 06:09:00,99.99416660416563,24.05,24.0,0,1,1,critical
i-00dfb80a59da9a56d,2026-04-01 06:10:00,93.1903332833325,23.42,24.0,0,1,1,warning
i-00dfb80a59da9a56d,2026-04-01 06:11:00,2.283333333333333,23.94,24.0,0,1,0,normal
i-00dfb80a59da9a56d,2026-04-01 06:12:00,2.225,22.73,24.0,0,1,0,normal
i-00dfb80a59da9a56d,2026-04-01 06:13:00,2.221570113066791,24.22,24.0,0,1,0,normal
i-00dfb80a59da9a56d,2026-04-01 06:14:00,2.2062379714749896,22.05,24.0,0,1,0,normal
i-00dfb80a59da9a56d,2026-04-01 06:15:00,5.691657043846658,23.62,24.0,0,1,0,normal
i-00dfb80a59da9a56d,2026-04-01 06:16:00,1.6284716555931147,22.45,24.0,0,1,0,normal
i-00dfb80a59da9a56d,2026-04-01 06:17:00,99.99333553971769,23.08,24.0,0,1,1,critical
i-00dfb80a59da9a56d,2026-04-01 06:18:00,99.99555702647847,22.7,24.0,0,1,1,critical
i-00dfb80a59da9a56d,2026-04-01 06:19:00,99.99666776985885,23.68,24.0,0,1,1,critical
i-00dfb80a59da9a56d,2026-04-01 06:20:00,99.99666695981088,23.32,24.0,0,1,1,critical
i-00dfb80a59da9a56d,2026-04-01 06:21:00,99.99500441276871,23.81,24.0,0,1,1,critical
i-00dfb80a59da9a56d,2026-04-01 06:22:00,99.99750220638435,23.55,24.0,0,1,1,critical
i-00dfb80a59da9a56d,2026-04-01 06:23:00,99.99833480425623,23.62,24.0,0,1,1,critical
i-00dfb80a59da9a56d,2026-04-01 06:24:00,1.6284716555931147,22.76,24.0,0,1,0,normal
i-00dfb80a59da9a56d,2026-04-01 06:25:00,96.83679004292867,25.03,24.0,0,1,1,critical
i-00dfb80a59da9a56d,2026-04-01 06:26:00,1.9934275276494235,23.9,24.0,0,1,0,normal
i-00dfb80a59da9a56d,2026-04-01 06:27:00,2.046713763824712,24.24,24.0,0,1,0,normal
i-00dfb80a59da9a56d,2026-04-01 06:28:00,2.0305541400536797,21.97,24.0,0,1,0,normal
i-00dfb80a59da9a56d,2026-04-01 06:29:00,2.0395822717069265,24.13,24.0,0,1,0,normal
i-00dfb80a59da9a56d,2026-04-01 06:30:00,2.0019929396568985,24.68,24.0,0,1,0,normal
i-00dfb80a59da9a56d,2026-04-01 06:31:00,0.6916666666666665,24.09,24.0,0,1,0,normal
i-00dfb80a59da9a56d,2026-04-01 06:33:00,1.5160758459656931,24.14,24.0,0,1,0,normal
i-00dfb80a59da9a56d,2026-04-01 06:34:00,1.6120568844742698,24.71,24.0,0,1,0,normal
i-00dfb80a59da9a56d,2026-04-01 06:35:00,1.8613121742460823,71.38,24.0,0,1,0,normal
i-00dfb80a59da9a56d,2026-04-01 06:36:00,100.0,69.45,24.0,0,1,1,critical
i-00dfb80a59da9a56d,2026-04-01 06:37:00,100.0,69.72,24.0,0,1,1,critical
i-00dfb80a59da9a56d,2026-04-01 06:38:00,99.99833480425623,69.72,24.0,0,1,1,critical
i-00dfb80a59da9a56d,2026-04-01 06:39:00,99.99791703309693,69.27,24.0,0,1,1,critical
i-00dfb80a59da9a56d,2026-04-01 06:42:00,2.15,22.85,24.0,0,1,0,normal
i-00dfb80a59da9a56d,2026-04-01 06:43:00,2.157693481868794,22.9,24.0,0,1,0,normal
i-00dfb80a59da9a56d,2026-04-01 06:44:00,2.1245201114015955,21.59,24.0,0,1,0,normal
i-00dfb80a59da9a56d,2026-04-01 06:45:00,2.124616089121276,23.28,24.0,0,1,0,normal
i-00dfb80a59da9a56d,2026-04-01 06:46:00,2.05181243431698,21.56,24.0,0,1,0,normal
i-00dfb80a59da9a56d,2026-04-01 06:47:00,2.096739550491823,23.25,24.0,0,1,0,normal
i-00dfb80a59da9a56d,2026-04-01 06:48:00,2.058354012019221,23.42,24.0,0,1,0,normal
i-00dfb80a59da9a56d,2026-04-01 06:49:00,2.0650593185461688,23.2,24.0,0,1,0,normal
i-00dfb80a59da9a56d,2026-04-01 06:50:00,2.042047454836935,23.58,24.0,0,1,0,normal
i-00dfb80a59da9a56d,2026-04-01 06:51:00,2.058333333333333,22.41,24.0,0,1,0,normal
i-00dfb80a59da9a56d,2026-04-01 06:52:00,2.01606603981298,23.62,24.0,0,1,0,normal
i-00dfb80a59da9a56d,2026-04-01 06:53:00,1.6284716555931147,23.23,24.0,0,1,0,normal
i-00dfb80a59da9a56d,2026-04-01 06:54:00,1.9916398346289477,23.46,24.0,0,1,0,normal
i-00dfb80a59da9a56d,2026-04-01 06:58:00,1.8755191949074312,23.59,24.0,0,1,0,normal
i-00dfb80a59da9a56d,2026-04-01 06:59:00,14.198306062847239,56.66,24.0,0,1,0,normal
i-00dfb80a59da9a56d,2026-04-01 07:00:00,31.357645732831532,66.45,24.0,0,1,0,normal
i-00dfb80a59da9a56d,2026-04-01 07:01:00,100.0,66.37,24.0,0,1,1,critical
i-00dfb80a59da9a56d,2026-04-01 07:02:00,100.0,68.09,24.0,0,1,1,critical
i-00dfb80a59da9a56d,2026-04-01 07:04:00,94.10708443652551,23.31,24.0,0,1,1,warning
i-00dfb80a59da9a56d,2026-04-01 07:05:00,90.35064160964045,24.02,24.0,0,1,1,warning
i-00dfb80a59da9a56d,2026-04-01 07:06:00,99.96666666666667,23.27,24.0,0,1,1,critical
i-00dfb80a59da9a56d,2026-04-01 07:07:00,99.95416666666667,24.43,24.0,0,1,1,critical
i-00dfb80a59da9a56d,2026-04-01 07:08:00,86.16111111111111,22.5,34.0,0,1,1,warning
i-00dfb80a59da9a56d,2026-04-01 07:09:00,67.94711722063101,23.62,24.0,0,1,0,normal
i-00dfb80a59da9a56d,2026-04-01 07:10:00,1.6284716555931147,22.44,43.0,0,1,0,normal
i-00dfb80a59da9a56d,2026-04-01 07:11:00,7.776464123357701,21.88,24.0,0,1,0,normal
i-00dfb80a59da9a56d,2026-04-01 07:12:00,5.06844124645874,22.03,24.0,0,1,0,normal
i-00dfb80a59da9a56d,2026-04-01 07:13:00,4.109516386528049,21.65,24.0,0,1,0,normal
i-00dfb80a59da9a56d,2026-04-01 07:14:00,3.6571372898960366,22.05,24.0,0,1,0,normal
i-00dfb80a59da9a56d,2026-04-01 07:15:00,3.3590431652501627,23.62,24.0,0,1,0,normal
i-00dfb80a59da9a56d,2026-04-01 07:16:00,1.6284716555931147,21.64,24.0,0,1,0,normal
i-00dfb80a59da9a56d,2026-04-01 07:17:00,2.182395619980128,22.08,24.0,0,1,0,normal
i-00dfb80a59da9a56d,2026-04-01 07:18:00,2.202152635542308,22.57,24.0,0,1,0,normal
i-00dfb80a59da9a56d,2026-04-01 07:19:00,2.208356265236643,23.65,24.0,0,1,0,normal
i-00dfb80a59da9a56d,2026-04-01 07:20:00,2.208351678855981,23.62,24.0,0,1,0,normal
i-00dfb80a59da9a56d,2026-04-01 07:21:00,1.6284716555931147,26.43,24.0,0,1,0,normal
i-00dfb80a59da9a56d,2026-04-01 07:22:00,2.1624999999999996,22.83,24.0,0,1,0,normal
i-00dfb80a59da9a56d,2026-04-01 07:23:00,2.172222222222222,23.44,24.0,0,1,0,normal
i-00dfb80a59da9a56d,2026-04-01 07:24:00,2.1499999999999995,23.76,24.0,0,1,0,normal
i-00dfb80a59da9a56d,2026-04-01 07:25:00,2.1599999999999993,23.52,24.0,0,1,0,normal
i-00dfb80a59da9a56d,2026-04-01 07:26:00,2.0731687009808004,21.97,24.0,0,1,0,normal
i-00dfb80a59da9a56d,2026-04-01 07:27:00,2.1208754743164464,22.91,24.0,0,1,0,normal
i-00dfb80a59da9a56d,2026-04-01 07:29:00,2.1266226765728513,23.33,24.0,0,1,0,normal
i-00dfb80a59da9a56d,2026-04-01 07:30:00,2.1133287683121784,24.48,24.0,0,1,0,normal
i-00dfb80a59da9a56d,2026-04-01 07:31:00,2.1980583817627766,24.22,24.0,0,1,0,normal
i-00dfb80a59da9a56d,2026-04-01 07:32:00,2.1365291908813884,24.38,24.0,0,1,0,normal
i-00dfb80a59da9a56d,2026-04-01 07:33:00,2.158334477741634,23.22,24.0,0,1,0,normal
i-00dfb80a59da9a56d,2026-04-01 07:34:00,2.139124528231125,23.61,24.0,0,1,0,normal
i-00dfb80a59da9a56d,2026-04-01 07:37:00,2.083333333333333,22.61,24.0,0,1,0,normal
i-00dfb80a59da9a56d,2026-04-01 07:38:00,2.0688438175907575,23.62,24.0,0,1,0,normal
i-00dfb80a59da9a56d,2026-04-01 07:39:00,2.076632863193068,23.62,24.0,0,1,0,normal
i-00dfb80a59da9a56d,2026-04-01 07:40:00,1.6284716555931147,22.0,24.0,0,1,0,normal
i-00dfb80a59da9a56d,2026-04-01 07:41:00,2.12312457329359,23.68,24.0,0,1,0,normal
i-00dfb80a59da9a56d,2026-04-01 07:42:00,2.065728953313462,23.27,24.0,0,1,0,normal
i-00dfb80a59da9a56d,2026-04-01 07:43:00,2.077152635542308,23.62,24.0,0,1,0,normal
i-00dfb80a59da9a56d,2026-04-01 07:44:00,1.6284716555931147,23.65,24.0,0,1,0,normal
i-00dfb80a59da9a56d,2026-04-01 07:45:00,2.0583065338072135,24.68,24.0,0,1,0,normal
i-00dfb80a59da9a56d,2026-04-01 07:46:00,100.0,23.54,24.0,0,1,1,critical
i-00dfb80a59da9a56d,2026-04-01 07:47:00,100.0,23.38,24.0,0,1,1,critical
i-00dfb80a59da9a56d,2026-04-01 07:48:00,99.99722222222222,23.62,24.0,0,1,1,critical
i-00dfb80a59da9a56d,2026-04-01 07:49:00,1.6284716555931147,25.0,24.0,0,1,0,normal
i-00dfb80a59da9a56d,2026-04-01 07:50:00,99.99666666666667,25.72,24.0,0,1,1,critical
i-00dfb80a59da9a56d,2026-04-01 07:51:00,100.0,24.5,24.0,0,1,1,critical
i-00dfb80a59da9a56d,2026-04-01 07:52:00,100.0,24.24,24.0,0,1,1,critical
i-00dfb80a59da9a56d,2026-04-01 07:53:00,99.99722222222222,25.32,24.0,0,1,1,critical
i-00dfb80a59da9a56d,2026-04-01 07:55:00,90.52733421588707,25.23,24.0,0,1,1,warning
i-00dfb80a59da9a56d,2026-04-01 07:56:00,0.4670792533404507,23.76,24.0,0,1,0,normal
i-00dfb80a59da9a56d,2026-04-01 07:57:00,1.262706293336892,24.12,24.0,0,1,0,normal
i-00dfb80a59da9a56d,2026-04-01 07:58:00,1.5029153066690393,23.76,24.0,0,1,0,normal
i-00dfb80a59da9a56d,2026-04-01 07:59:00,1.6480198133351127,24.12,24.0,0,1,0,normal
i-00dfb80a59da9a56d,2026-04-01 08:01:00,100.0,22.72,24.0,0,1,1,critical
i-00dfb80a59da9a56d,2026-04-01 08:02:00,99.99583333333334,23.14,24.0,0,1,1,critical
i-00dfb80a59da9a56d,2026-04-01 08:03:00,99.99722222222222,23.14,24.0,0,1,1,critical
i-00dfb80a59da9a56d,2026-04-01 08:04:00,99.99791666666667,24.58,24.0,0,1,1,critical
i-00dfb80a59da9a56d,2026-04-01 08:05:00,99.995,24.72,24.0,0,1,1,critical
i-00dfb80a59da9a56d,2026-04-01 08:07:00,100.0,25.57,24.0,0,1,1,critical
i-00dfb80a59da9a56d,2026-04-01 08:08:00,100.0,25.38,24.0,0,1,1,critical
i-00dfb80a59da9a56d,2026-04-01 08:09:00,99.99791666666667,23.18,24.0,0,1,1,critical
i-00dfb80a59da9a56d,2026-04-01 08:10:00,93.57333333333334,22.86,24.0,0,1,1,warning
i-00dfb80a59da9a56d,2026-04-01 08:11:00,1.9482790201988243,23.36,24.0,0,1,0,normal
i-00dfb80a59da9a56d,2026-04-01 08:12:00,1.8866395100994122,23.62,24.0,0,1,0,normal
i-00dfb80a59da9a56d,2026-04-01 08:13:00,1.6284716555931147,24.09,24.0,0,1,0,normal
i-00dfb80a59da9a56d,2026-04-01 08:14:00,1.8791379569613946,24.14,24.0,0,1,0,normal
i-00dfb80a59da9a56d,2026-04-01 08:15:00,1.8866436989024489,23.89,24.0,0,1,0,normal
i-00dfb80a59da9a56d,2026-04-01 08:16:00,1.7916666666666667,24.26,24.0,0,1,0,normal
i-00dfb80a59da9a56d,2026-04-01 08:17:00,1.8375,23.83,24.0,0,1,0,normal
i-00dfb80a59da9a56d,2026-04-01 08:18:00,1.8083333333333333,24.08,24.0,0,1,0,normal
i-00dfb80a59da9a56d,2026-04-01 08:19:00,1.825,23.62,24.0,0,1,0,normal
i-00dfb80a59da9a56d,2026-04-01 08:20:00,1.6284716555931147,23.94,24.0,0,1,0,normal
i-00dfb80a59da9a56d,2026-04-01 08:21:00,99.98832301866649,69.96,24.0,0,1,1,critical
i-00dfb80a59da9a56d,2026-04-01 08:22:00,99.99416150933325,70.76,24.0,0,1,1,critical
i-00dfb80a59da9a56d,2026-04-01 08:23:00,99.99332989511106,69.79,24.0,0,1,1,critical
i-00dfb80a59da9a56d,2026-04-01 08:24:00,99.9949974213333,71.69,24.0,0,1,1,critical
i-00dfb80a59da9a56d,2026-04-01 08:25:00,96.93933127039996,69.82,24.0,0,1,1,critical
i-00dfb80a59da9a56d,2026-04-01 08:27:00,1.5958333333333332,24.78,24.0,0,1,0,normal
i-00dfb80a59da9a56d,2026-04-01 08:28:00,1.585658910425779,24.07,24.0,0,1,0,normal
i-00dfb80a59da9a56d,2026-04-01 08:29:00,1.606272273831545,22.93,24.0,0,1,0,normal
i-00dfb80a59da9a56d,2026-04-01 08:30:00,1.5980798319873701,23.34,24.0,0,1,0,normal
i-00dfb80a59da9a56d,2026-04-01 08:31:00,1.6764529258690863,23.81,24.0,0,1,0,normal
i-00dfb80a59da9a56d,2026-04-01 08:33:00,1.6310398641785842,23.68,24.0,0,1,0,normal
i-00dfb80a59da9a56d,2026-04-01 08:34:00,1.6146008979174626,23.67,24.0,0,1,0,normal
i-00dfb80a59da9a56d,2026-04-01 08:35:00,1.6286450368152952,21.53,24.0,0,1,0,normal
i-00dfb80a59da9a56d,2026-04-01 08:36:00,1.5569580204152997,23.26,24.0,0,1,0,normal
i-00dfb80a59da9a56d,2026-04-01 08:37:00,1.6042084045059468,23.55,24.0,0,1,0,normal
i-00dfb80a59da9a56d,2026-04-01 08:38:00,1.5916944918928533,23.31,24.0,0,1,0,normal
i-00dfb80a59da9a56d,2026-04-01 08:40:00,1.5980787080578462,23.39,24.0,0,1,0,normal
i-00dfb80a59da9a56d,2026-04-01 08:41:00,1.6764529258690863,23.61,24.0,0,1,0,normal
i-00dfb80a59da9a56d,2026-04-01 08:42:00,1.5965597962678766,23.41,24.0,0,1,0,normal
i-00dfb80a59da9a56d,2026-04-01 08:43:00,1.6060398641785845,23.51,24.0,0,1,0,normal
i-00dfb80a59da9a56d,2026-04-01 08:45:00,1.6050199353589316,23.54,24.0,0,1,0,normal
i-00dfb80a59da9a56d,2026-04-01 08:46:00,1.568051779071513,23.26,24.0,0,1,0,normal
i-00dfb80a59da9a56d,2026-04-01 08:47:00,1.6173592228690898,23.64,24.0,0,1,0,normal
i-00dfb80a59da9a56d,2026-04-01 08:48:00,1.5916748362386277,23.62,24.0,0,1,0,normal
i-00dfb80a59da9a56d,2026-04-01 08:49:00,1.6284716555931147,23.65,24.0,0,1,0,normal
i-00dfb80a59da9a56d,2026-04-01 08:50:00,1.591963326129162,23.35,24.0,0,1,0,normal
i-00dfb80a59da9a56d,2026-04-01 08:51:00,1.6583333333333332,23.68,24.0,0,1,0,normal
i-00dfb80a59da9a56d,2026-04-01 08:52:00,1.6,23.32,24.0,0,1,0,normal
i-00dfb80a59da9a56d,2026-04-01 08:55:00,1.5399999999999998,23.62,24.0,0,1,0,normal
i-00dfb80a59da9a56d,2026-04-01 08:56:00,1.6284716555931147,22.01,24.0,0,1,0,normal
i-00dfb80a59da9a56d,2026-04-01 08:57:00,1.1744336946808098,22.04,24.0,0,1,0,normal
i-00dfb80a59da9a56d,2026-04-01 08:58:00,1.2945187882077003,23.48,24.0,0,1,0,normal
i-00dfb80a59da9a56d,2026-04-01 08:59:00,1.3788620483768965,24.58,24.0,0,1,0,normal
i-00dfb80a59da9a56d,2026-04-01 09:00:00,1.4116955739443149,23.62,24.0,0,1,0,normal
i-00dfb80a59da9a56d,2026-04-01 09:01:00,1.6284716555931147,23.33,24.0,0,1,0,normal
i-00dfb80a59da9a56d,2026-04-01 09:02:00,1.5916666666666666,23.48,24.0,0,1,0,normal
i-00dfb80a59da9a56d,2026-04-01 09:03:00,1.6055555555555554,23.62,24.0,0,1,0,normal
i-00dfb80a59da9a56d,2026-04-01 09:04:00,1.6284716555931147,24.17,24.0,0,1,0,normal
i-00dfb80a59da9a56d,2026-04-01 09:05:00,1.6030420905977496,23.63,24.0,0,1,0,normal
i-00dfb80a59da9a56d,2026-04-01 09:06:00,1.559711078119005,23.41,24.0,0,1,0,normal
i-00dfb80a59da9a56d,2026-04-01 09:07:00,1.6048555390595025,23.63,24.0,0,1,0,normal
i-00dfb80a59da9a56d,2026-04-01 09:08:00,1.5833390470322362,23.97,24.0,0,1,0,normal
i-00dfb80a59da9a56d,2026-04-01 09:09:00,1.6003689824233254,23.62,24.0,0,1,0,normal
i-00dfb80a59da9a56d,2026-04-01 09:10:00,1.5866912027904412,24.09,24.0,0,1,0,normal
i-00dfb80a59da9a56d,2026-04-01 09:12:00,1.6583333333333332,23.51,24.0,0,1,0,normal
i-00dfb80a59da9a56d,2026-04-01 09:13:00,1.6227109409608114,23.32,24.0,0,1,0,normal
i-00dfb80a59da9a56d,2026-04-01 09:14:00,1.6086998723872752,23.67,24.0,0,1,0,normal
i-00dfb80a59da9a56d,2026-04-01 09:15:00,1.6416465913306317,22.61,24.0,0,1,0,normal
i-00dfb80a59da9a56d,2026-04-01 09:16:00,1.6347773866915773,23.61,24.0,0,1,0,normal
i-00dfb80a59da9a56d,2026-04-01 09:17:00,1.6840553600124553,26.26,24.0,0,1,0,normal
i-00dfb80a59da9a56d,2026-04-01 09:19:00,1.6583415375843336,23.29,24.0,0,1,0,normal
i-00dfb80a59da9a56d,2026-04-01 09:20:00,1.6566715892172668,22.81,24.0,0,1,0,normal
i-00dfb80a59da9a56d,2026-04-01 09:21:00,1.7083333333333333,23.37,24.0,0,1,0,normal
i-00dfb80a59da9a56d,2026-04-01 09:22:00,1.6465332571549314,23.7,24.0,0,1,0,normal
i-00dfb80a59da9a56d,2026-04-01 09:23:00,4.31991106032551,23.29,24.0,0,1,0,normal
i-00dfb80a59da9a56d,2026-04-01 09:24:00,28.237849961910797,24.24,24.0,0,1,0,normal
i-00dfb80a59da9a56d,2026-04-01 09:25:00,42.59027996952864,23.33,24.0,0,1,0,normal
i-00dfb80a59da9a56d,2026-04-01 09:27:00,100.0,23.12,24.0,0,1,1,critical
i-00dfb80a59da9a56d,2026-04-01 09:28:00,97.43333333333334,23.62,24.0,0,1,1,critical
i-00dfb80a59da9a56d,2026-04-01 09:29:00,73.48333333333333,23.62,24.0,0,1,0,normal
i-00dfb80a59da9a56d,2026-04-01 09:30:00,59.125,23.84,24.0,0,1,0,normal
i-00dfb80a59da9a56d,2026-04-01 09:31:00,1.7318035735100659,22.53,24.0,0,1,0,normal
i-00dfb80a59da9a56d,2026-04-01 09:32:00,1.6791201296245677,24.07,24.0,0,1,0,normal
i-00dfb80a59da9a56d,2026-04-01 09:33:00,1.6860800864163785,24.64,24.0,0,1,0,normal
i-00dfb80a59da9a56d,2026-04-01 09:34:00,39.241543798454586,23.62,24.0,0,1,0,normal
i-00dfb80a59da9a56d,2026-04-01 09:35:00,1.6284716555931147,24.03,24.0,0,1,0,normal
i-00dfb80a59da9a56d,2026-04-01 09:36:00,100.0,24.24,24.0,0,1,1,critical
i-00dfb80a59da9a56d,2026-04-01 09:37:00,99.9933275505438,24.49,24.0,0,1,1,critical
i-00dfb80a59da9a56d,2026-04-01 09:38:00,99.99555170036253,24.14,24.0,0,1,1,critical
i-00dfb80a59da9a56d,2026-04-01 09:39:00,99.9966637752719,23.23,24.0,0,1,1,critical
i-00dfb80a59da9a56d,2026-04-01 09:40:00,99.99666493082832,22.69,24.0,0,1,1,critical
i-00dfb80a59da9a56d,2026-04-01 09:41:00,99.99000016666388,23.14,24.0,0,1,1,critical
i-00dfb80a59da9a56d,2026-04-01 09:42:00,99.99500008333195,23.62,24.0,0,1,1,critical
i-00dfb80a59da9a56d,2026-04-01 09:43:00,1.6284716555931147,23.93,24.0,0,1,0,normal
i-00dfb80a59da9a56d,2026-04-01 09:44:00,77.5933333749993,24.0,24.0,0,1,0,normal
i-00dfb80a59da9a56d,2026-04-01 09:45:00,62.40829473809977,24.04,24.0,0,1,0,normal
i-00dfb80a59da9a56d,2026-04-01 09:46:00,1.5583333333333331,24.71,24.0,0,1,0,normal
i-00dfb80a59da9a56d,2026-04-01 09:47:00,1.611764538546506,24.1,24.0,0,1,0,normal
i-00dfb80a59da9a56d,2026-04-01 09:48:00,1.5888529177690003,23.86,24.0,0,1,0,normal
i-00dfb80a59da9a56d,2026-04-01 09:49:00,1.6020563549934168,24.16,24.0,0,1,0,normal
i-00dfb80a59da9a56d,2026-04-01 09:51:00,1.5883117506614002,24.13,24.0,0,1,0,normal
i-00dfb80a59da9a56d,2026-04-01 09:52:00,1.6159679782858474,23.82,24.0,0,1,0,normal
i-00dfb80a59da9a56d,2026-04-01 09:53:00,1.6305784820402653,24.04,24.0,0,1,0,normal
i-00dfb80a59da9a56d,2026-04-01 09:54:00,19.842213818900476,72.41,24.0,0,1,0,normal
i-00dfb80a59da9a56d,2026-04-01 09:55:00,35.87377105512038,71.31,24.0,0,1,0,normal
i-00dfb80a59da9a56d,2026-04-01 09:56:00,99.99500441276871,62.61,24.0,0,1,1,critical
i-00dfb80a59da9a56d,2026-04-01 09:57:00,99.99750220638435,71.11,24.0,0,1,1,critical
i-00dfb80a59da9a56d,2026-04-01 09:58:00,99.99555702647847,23.62,24.0,0,1,1,critical
i-00dfb80a59da9a56d,2026-04-01 09:59:00,1.6284716555931147,22.71,24.0,0,1,0,normal
i-00dfb80a59da9a56d,2026-04-01 10:00:00,65.77585321854583,23.85,24.0,0,1,0,normal
i-00dfb80a59da9a56d,2026-04-01 10:01:00,1.6666666666666665,23.6,24.0,0,1,0,normal
i-00dfb80a59da9a56d,2026-04-01 10:02:00,1.4333333333333331,23.44,24.0,0,1,0,normal
i-00dfb80a59da9a56d,2026-04-01 10:03:00,1.361111111111111,23.71,24.0,0,1,0,normal
i-00dfb80a59da9a56d,2026-04-01 10:04:00,1.308587516194861,23.52,24.0,0,1,0,normal
i-00dfb80a59da9a56d,2026-04-01 10:05:00,1.3715831829890262,23.71,24.0,0,1,0,normal
i-00dfb80a59da9a56d,2026-04-01 10:06:00,1.559711078119005,23.62,24.0,0,1,0,normal
i-00dfb80a59da9a56d,2026-04-01 10:07:00,1.6284716555931147,23.27,24.0,0,1,0,normal
i-00dfb80a59da9a56d,2026-04-01 10:08:00,1.5893481371507792,23.28,24.0,0,1,0,normal
i-00dfb80a59da9a56d,2026-04-01 10:09:00,1.6020655547639053,23.69,24.0,0,1,0,normal
i-00dfb80a59da9a56d,2026-04-01 10:10:00,1.5899857771444577,23.32,24.0,0,1,0,normal
i-00dfb80a59da9a56d,2026-04-01 10:11:00,1.6681401905016098,23.68,24.0,0,1,0,normal
i-00dfb80a59da9a56d,2026-04-01 10:12:00,1.6083861160990556,23.32,24.0,0,1,0,normal
i-00dfb80a59da9a56d,2026-04-01 10:13:00,1.631084374550743,23.66,24.0,0,1,0,normal
i-00dfb80a59da9a56d,2026-04-01 10:14:00,1.6108132809130573,23.62,24.0,0,1,0,normal
i-00dfb80a59da9a56d,2026-04-01 10:15:00,1.6183593819948623,23.435000000000002,24.0,0,1,0,normal
i-00dfb80a59da9a56d,2026-04-01 10:16:00,1.551370377166497,23.33,24.0,0,1,0,normal
i-00dfb80a59da9a56d,2026-04-01 10:17:00,1.5965185219165818,23.58,24.0,0,1,0,normal
i-00dfb80a59da9a56d,2026-04-01 10:18:00,1.5837901257221656,23.29,24.0,0,1,0,normal
i-00dfb80a59da9a56d,2026-04-01 10:19:00,1.6024259276249575,23.29,24.0,0,1,0,normal
i-00dfb80a59da9a56d,2026-04-01 10:20:00,1.6002740754332994,21.71,24.0,0,1,0,normal
i-00dfb80a59da9a56d,2026-04-01 10:21:00,1.7333333333333332,23.27,24.0,0,1,0,normal
i-00dfb80a59da9a56d,2026-04-01 10:22:00,1.6583333333333332,23.65,24.0,0,1,0,normal
i-00dfb80a59da9a56d,2026-04-01 10:23:00,1.6661714559546474,24.18,24.0,0,1,0,normal
i-00dfb80a59da9a56d,2026-04-01 10:24:00,1.645811887210118,23.58,24.0,0,1,0,normal
i-00dfb80a59da9a56d,2026-04-01 10:26:00,1.6041580882173805,23.66,24.0,0,1,0,normal
i-00dfb80a59da9a56d,2026-04-01 10:27:00,1.6076015491871067,23.92,24.0,0,1,0,normal
i-00dfb80a59da9a56d,2026-04-01 10:28:00,1.597198526132745,23.64,24.0,0,1,0,normal
i-00dfb80a59da9a56d,2026-04-01 10:29:00,1.6103988945995589,23.38,24.0,0,1,0,normal
i-00dfb80a59da9a56d,2026-04-01 10:30:00,1.5966524490129805,23.62,24.0,0,1,0,normal
i-00dfb80a59da9a56d,2026-04-01 10:31:00,1.6568697650408806,23.62,24.0,0,1,0,normal
i-00dfb80a59da9a56d,2026-04-01 10:32:00,1.6284716555931147,23.6,24.0,0,1,0,normal
i-00dfb80a59da9a56d,2026-04-01 10:33:00,1.621703302416086,23.31,24.0,0,1,0,normal
i-00dfb80a59da9a56d,2026-04-01 10:34:00,1.6058608101453977,23.62,24.0,0,1,0,normal
i-00dfb80a59da9a56d,2026-04-01 10:35:00,1.614980405835637,23.27,24.0,0,1,0,normal
i-00dfb80a59da9a56d,2026-04-01 10:36:00,1.5583333333333331,23.76,24.0,0,1,0,normal
i-00dfb80a59da9a56d,2026-04-01 10:37:00,1.6034385598277079,23.34,24.0,0,1,0,normal
i-00dfb80a59da9a56d,2026-04-01 10:38:00,1.5888627325914735,23.51,24.0,0,1,0,normal
i-00dfb80a59da9a56d,2026-04-01 10:39:00,1.6037829960241257,23.37,24.0,0,1,0,normal
i-00dfb80a59da9a56d,2026-04-01 10:40:00,1.5980263968193005,23.77,24.0,0,1,0,normal
i-00dfb80a59da9a56d,2026-04-01 10:41:00,1.6597994895491015,23.62,24.0,0,1,0,normal
i-00dfb80a59da9a56d,2026-04-01 10:42:00,1.6284716555931147,23.35,24.0,0,1,0,normal
i-00dfb80a59da9a56d,2026-04-01 10:43:00,1.6249984111029268,23.91,24.0,0,1,0,normal
i-00dfb80a59da9a56d,2026-04-01 10:44:00,1.6086765778569463,24.13,24.0,0,1,0,normal
i-00dfb80a59da9a56d,2026-04-01 10:45:00,1.61527459561889,23.21,24.0,0,1,0,normal
i-00dfb80a59da9a56d,2026-04-01 10:46:00,1.5569580204152997,23.57,24.0,0,1,0,normal
i-00dfb80a59da9a56d,2026-04-01 10:47:00,1.5958677035534385,23.29,24.0,0,1,0,normal
i-00dfb80a59da9a56d,2026-04-01 10:48:00,1.5861340245911812,23.6,24.0,0,1,0,normal
i-00dfb80a59da9a56d,2026-04-01 10:49:00,1.599654970344207,23.29,24.0,0,1,0,normal
i-00dfb80a59da9a56d,2026-04-01 10:50:00,1.593334332089668,23.62,24.0,0,1,0,normal
i-00dfb80a59da9a56d,2026-04-01 10:51:00,1.6284716555931147,23.68,24.0,0,1,0,normal
i-00dfb80a59da9a56d,2026-04-01 10:52:00,1.5957867312680358,23.23,24.0,0,1,0,normal
i-00dfb80a59da9a56d,2026-04-01 10:53:00,1.6161477425256507,23.81,24.0,0,1,0,normal
i-00dfb80a59da9a56d,2026-04-01 10:54:00,1.605867369503615,23.32,24.0,0,1,0,normal
i-00dfb80a59da9a56d,2026-04-01 10:55:00,1.6180272289362254,24.12,24.0,0,1,0,normal
i-00dfb80a59da9a56d,2026-04-01 10:56:00,1.809901914992994,23.3,24.0,0,1,0,normal
i-00dfb80a59da9a56d,2026-04-01 10:57:00,48.404950957496496,24.03,24.0,0,1,0,normal
i-00dfb80a59da9a56d,2026-04-01 10:58:00,65.59496730499767,23.62,24.0,0,1,0,normal
i-00dfb80a59da9a56d,2026-04-01 10:59:00,1.6284716555931147,23.5,24.0,0,1,0,normal
i-00dfb80a59da9a56d,2026-04-01 11:00:00,79.3569803829986,23.49,24.0,0,1,0,normal
i-00dfb80a59da9a56d,2026-04-01 11:01:00,99.996663719619,23.51,24.0,0,1,1,critical
i-00dfb80a59da9a56d,2026-04-01 11:02:00,53.31916519314283,23.18,24.0,0,1,0,normal
i-00dfb80a59da9a56d,2026-04-01 11:03:00,36.10444346209522,24.25,24.0,0,1,0,normal
i-00dfb80a59da9a56d,2026-04-01 11:04:00,27.472082596571415,23.86,24.0,0,1,0,normal
i-00dfb80a59da9a56d,2026-04-01 11:05:00,22.309332743923797,24.06,24.0,0,1,0,normal
i-00dfb80a59da9a56d,2026-04-01 11:06:00,1.5333333333333332,23.62,24.0,0,1,0,normal
i-00dfb80a59da9a56d,2026-04-01 11:07:00,1.6284716555931147,22.02,24.0,0,1,0,normal
i-00dfb80a59da9a56d,2026-04-01 11:08:00,59.88144313090629,24.9,24.0,0,1,0,normal
i-00dfb80a59da9a56d,2026-04-01 11:09:00,69.91108234817972,22.57,24.0,0,1,0,normal
i-00dfb80a59da9a56d,2026-04-01 11:10:00,75.92553254521044,23.01,24.0,0,1,0,normal
i-00dfb80a59da9a56d,2026-04-01 11:11:00,100.0,23.23,24.0,0,1,1,critical
i-00dfb80a59da9a56d,2026-04-01 11:12:00,99.99583333333334,22.54,24.0,0,1,1,critical
i-00dfb80a59da9a56d,2026-04-01 11:13:00,99.99722222222222,23.11,24.0,0,1,1,critical
i-00dfb80a59da9a56d,2026-04-01 11:14:00,99.99791666666667,23.62,24.0,0,1,1,critical
i-00dfb80a59da9a56d,2026-04-01 11:15:00,1.6284716555931147,23.12,24.0,0,1,0,normal
i-00dfb80a59da9a56d,2026-04-01 11:16:00,99.996663719619,22.64,24.0,0,1,1,critical
i-00dfb80a59da9a56d,2026-04-01 11:17:00,61.80666519314283,24.78,24.0,0,1,0,normal
i-00dfb80a59da9a56d,2026-04-01 11:18:00,41.71787881642112,23.3,24.0,0,1,0,normal
i-00dfb80a59da9a56d,2026-04-01 11:19:00,31.56782259422486,23.76,24.0,0,1,0,normal
i-00dfb80a59da9a56d,2026-04-01 11:20:00,25.529015373100236,24.03,24.0,0,1,0,normal
i-00dfb80a59da9a56d,2026-04-01 11:21:00,1.3595342552588119,24.25,24.0,0,1,0,normal
i-00dfb80a59da9a56d,2026-04-01 11:22:00,1.4672671276294058,23.78,24.0,0,1,0,normal
i-00dfb80a59da9a56d,2026-04-01 11:24:00,1.5395195103952235,23.82,24.0,0,1,0,normal
i-00dfb80a59da9a56d,2026-04-01 11:25:00,1.563575506225999,24.08,24.0,0,1,0,normal
i-00dfb80a59da9a56d,2026-04-01 11:26:00,1.5319800842589046,24.29,24.0,0,1,0,normal
i-00dfb80a59da9a56d,2026-04-01 11:27:00,32.07281106736842,71.58,24.0,0,1,0,normal
i-00dfb80a59da9a56d,2026-04-01 11:28:00,54.71076685626226,71.61,24.0,0,1,0,normal
i-00dfb80a59da9a56d,2026-04-01 11:29:00,66.0330751421967,71.26,24.0,0,1,0,normal
i-00dfb80a59da9a56d,2026-04-01 11:30:00,72.82646011375735,71.73,24.0,0,1,0,normal
i-00dfb80a59da9a56d,2026-04-01 11:31:00,69.54393488858696,23.62,24.0,0,1,0,normal
i-00dfb80a59da9a56d,2026-04-01 11:32:00,1.6284716555931147,72.22,24.0,0,1,0,normal
i-00dfb80a59da9a56d,2026-04-01 11:33:00,46.92928992572464,22.36,24.0,0,1,0,normal
i-00dfb80a59da9a56d,2026-04-01 11:34:00,35.59870260715233,24.07,24.0,0,1,0,normal
i-00dfb80a59da9a56d,2026-04-01 11:35:00,28.814252670895684,22.65,24.0,0,1,0,normal
i-00dfb80a59da9a56d,2026-04-01 11:36:00,1.5736099778528965,23.48,24.0,0,1,0,normal
i-00dfb80a59da9a56d,2026-04-01 11:37:00,1.6284716555931147,23.57,24.0,0,1,0,normal
i-00dfb80a59da9a56d,2026-04-01 11:39:00,1.607966204071176,23.33,24.0,0,1,0,normal
i-00dfb80a59da9a56d,2026-04-01 11:40:00,1.6030396299236074,23.48,24.0,0,1,0,normal
i-00dfb80a59da9a56d,2026-04-01 11:41:00,1.701502994311642,23.18,24.0,0,1,0,normal
i-00dfb80a59da9a56d,2026-04-01 11:42:00,1.6209045286446724,23.44,24.0,0,1,0,normal
i-00dfb80a59da9a56d,2026-04-01 11:43:00,1.644491907985337,23.24,24.0,0,1,0,normal
i-00dfb80a59da9a56d,2026-04-01 11:44:00,1.6191263500425,23.48,24.0,0,1,0,normal
i-00dfb80a59da9a56d,2026-04-01 11:45:00,1.625301080034,23.2,24.0,0,1,0,normal
i-00dfb80a59da9a56d,2026-04-01 11:46:00,1.5652839991340983,23.56,24.0,0,1,0,normal
