timestamp,severity,anomaly_score,message
2026-04-08 13:46:17.356939,critical,-0.5,EC2 i-00dfb80a59da9a56d CPU: 100.0%
2026-04-08 13:46:59.771463,critical,-0.5,EC2 i-00dfb80a59da9a56d CPU: 99.99500091649864%
2026-04-08 13:47:49.376843,critical,-0.5,EC2 i-00dfb80a59da9a56d CPU: 99.9955549058666%
2026-04-08 13:48:50.196797,critical,-0.5,EC2 i-00dfb80a59da9a56d CPU: 99.99333606517703%
2026-04-08 13:49:50.841833,critical,-0.5,EC2 i-00dfb80a59da9a56d CPU: 98.76281138992815%
2026-04-08 13:50:51.454337,critical,-0.5,EC2 i-00dfb80a59da9a56d CPU: 98.76281138992815%
2026-04-08 13:51:52.193673,warning,-0.1209,EC2 i-00dfb80a59da9a56d CPU: 41.62598110911462%
2026-04-08 13:52:53.126478,warning,-0.1209,EC2 i-00dfb80a59da9a56d CPU: 48.147264072909586%
2026-04-08 13:53:54.039077,warning,-0.1204,EC2 i-00dfb80a59da9a56d CPU: 45.25658625928901%
2026-04-08 13:54:54.723323,warning,-0.1209,EC2 i-00dfb80a59da9a56d CPU: 43.502201092912415%
2026-04-08 13:55:55.429210,warning,-0.1204,EC2 i-00dfb80a59da9a56d CPU: 43.502201092912415%
2026-04-08 13:56:56.137418,warning,-0.1202,EC2 i-00dfb80a59da9a56d CPU: 36.461873303694816%
2026-04-08 13:57:56.962424,warning,-0.1204,EC2 i-00dfb80a59da9a56d CPU: 36.46112775407057%
2026-04-08 13:58:57.650987,warning,-0.1202,EC2 i-00dfb80a59da9a56d CPU: 36.57041580739401%
2026-04-08 13:59:58.445392,warning,-0.1204,EC2 i-00dfb80a59da9a56d CPU: 36.52966597924855%
2026-04-08 14:00:59.267920,warning,-0.1202,EC2 i-00dfb80a59da9a56d CPU: 36.52966597924855%
2026-04-08 14:01:59.972511,warning,-0.1174,EC2 i-00dfb80a59da9a56d CPU: 60.59166666666667%
2026-04-08 14:03:00.776329,warning,-0.118,EC2 i-00dfb80a59da9a56d CPU: 60.85521454272058%
2026-04-08 14:03:56.180840,warning,-0.1281,EC2 i-00dfb80a59da9a56d CPU: 55.19573681247219%
2026-04-08 14:04:57.017537,warning,-0.1261,EC2 i-00dfb80a59da9a56d CPU: 56.939709731306394%
2026-04-08 14:05:57.598482,warning,-0.1261,EC2 i-00dfb80a59da9a56d CPU: 56.939709731306394%
2026-04-08 14:06:58.316472,warning,-0.1242,EC2 i-00dfb80a59da9a56d CPU: 61.97083333333333%
2026-04-08 14:07:59.209894,warning,-0.1261,EC2 i-00dfb80a59da9a56d CPU: 59.950310607028634%
2026-04-08 14:09:00.158586,warning,-0.1224,EC2 i-00dfb80a59da9a56d CPU: 68.5810893159988%
2026-04-08 14:10:01.745366,warning,-0.1129,EC2 i-00dfb80a59da9a56d CPU: 74.78412673290313%
2026-04-08 14:11:03.209826,critical,-0.5,EC2 i-00dfb80a59da9a56d CPU: 100.0%
2026-04-08 14:12:05.736462,critical,-0.5,EC2 i-00dfb80a59da9a56d CPU: 100.0%
2026-04-08 14:13:07.116654,critical,-0.5,EC2 i-00dfb80a59da9a56d CPU: 99.93555662961172%
2026-04-08 14:14:09.444915,critical,-0.5,EC2 i-00dfb80a59da9a56d CPU: 99.95125081248645%
2026-04-08 14:15:10.375926,critical,-0.5,EC2 i-00dfb80a59da9a56d CPU: 99.96066698855542%
2026-04-08 14:16:11.375125,critical,-0.5,EC2 i-00dfb80a59da9a56d CPU: 93.22936604363963%
2026-04-08 14:17:12.827276,critical,-0.5,EC2 i-00dfb80a59da9a56d CPU: 96.55459990684409%
2026-04-08 14:18:13.789431,critical,-0.5,EC2 i-00dfb80a59da9a56d CPU: 97.70195654800534%
2026-04-08 14:19:15.235165,critical,-0.5,EC2 i-00dfb80a59da9a56d CPU: 98.12230074433734%
2026-04-08 14:20:16.199643,critical,-0.5,EC2 i-00dfb80a59da9a56d CPU: 98.49584062880265%
2026-04-08 14:21:17.266708,critical,-0.5,EC2 i-00dfb80a59da9a56d CPU: 99.84651830102432%
2026-04-08 14:22:17.872486,critical,-0.5,EC2 i-00dfb80a59da9a56d CPU: 99.92325915051217%
2026-04-08 14:23:18.600908,critical,-0.5,EC2 i-00dfb80a59da9a56d CPU: 87.79813334609992%
2026-04-08 14:24:19.578924,warning,-0.1086,EC2 i-00dfb80a59da9a56d CPU: 79.4916617165915%
2026-04-08 14:25:20.276516,warning,-0.1105,EC2 i-00dfb80a59da9a56d CPU: 75.9640334106439%
2026-04-08 14:26:21.449002,warning,-0.1261,EC2 i-00dfb80a59da9a56d CPU: 57.875%
2026-04-08 14:27:22.068335,warning,-0.1261,EC2 i-00dfb80a59da9a56d CPU: 57.16814579240068%
2026-04-08 14:28:22.854188,warning,-0.1261,EC2 i-00dfb80a59da9a56d CPU: 57.16814579240068%
2026-04-08 14:29:23.578005,warning,-0.1261,EC2 i-00dfb80a59da9a56d CPU: 57.951098500484825%
2026-04-08 14:30:24.251005,warning,-0.1261,EC2 i-00dfb80a59da9a56d CPU: 57.78421213372119%
2026-04-08 14:31:25.238607,warning,-0.1261,EC2 i-00dfb80a59da9a56d CPU: 57.76815703153618%
2026-04-08 14:32:25.958210,warning,-0.1261,EC2 i-00dfb80a59da9a56d CPU: 58.225605516269525%
2026-04-08 14:33:26.915078,warning,-0.1261,EC2 i-00dfb80a59da9a56d CPU: 58.24212080386881%
2026-04-08 14:34:27.803198,warning,-0.1261,EC2 i-00dfb80a59da9a56d CPU: 58.10369664309504%
2026-04-08 14:35:28.428137,warning,-0.1261,EC2 i-00dfb80a59da9a56d CPU: 58.10369664309504%
2026-04-08 14:36:30.224311,warning,-0.1222,EC2 i-00dfb80a59da9a56d CPU: 67.74554902956537%
2026-04-08 14:37:31.689674,warning,-0.109,EC2 i-00dfb80a59da9a56d CPU: 78.49481042711703%
2026-04-08 14:38:32.709301,warning,-0.1086,EC2 i-00dfb80a59da9a56d CPU: 78.1605876508406%
2026-04-08 14:39:33.387019,warning,-0.1125,EC2 i-00dfb80a59da9a56d CPU: 75.03991757892047%
2026-04-08 14:40:34.184852,warning,-0.1129,EC2 i-00dfb80a59da9a56d CPU: 75.03991757892047%
2026-04-08 14:41:35.265102,warning,-0.1278,EC2 i-00dfb80a59da9a56d CPU: 58.734653545868575%
2026-04-08 14:42:35.964605,warning,-0.1261,EC2 i-00dfb80a59da9a56d CPU: 57.969388331891516%
2026-04-08 14:42:52.173313,warning,-0.1261,EC2 i-00dfb80a59da9a56d CPU: 57.969388331891516%
2026-04-08 14:43:53.465892,warning,-0.1261,EC2 i-00dfb80a59da9a56d CPU: 59.32707125291917%
2026-04-08 14:44:54.088725,warning,-0.1278,EC2 i-00dfb80a59da9a56d CPU: 58.96425113342654%
2026-04-08 14:45:55.240359,warning,-0.1261,EC2 i-00dfb80a59da9a56d CPU: 58.96425113342654%
2026-04-08 14:46:55.869896,warning,-0.1278,EC2 i-00dfb80a59da9a56d CPU: 58.897527557154035%
2026-04-08 14:50:14.166380,warning,-0.1285,EC2 i-00dfb80a59da9a56d CPU: 52.29943651040812%
2026-04-08 14:51:15.222456,warning,-0.129,EC2 i-00dfb80a59da9a56d CPU: 51.00970582849151%
2026-04-08 14:52:16.196454,warning,-0.1285,EC2 i-00dfb80a59da9a56d CPU: 54.42881800860113%
2026-04-08 14:53:17.138455,warning,-0.1281,EC2 i-00dfb80a59da9a56d CPU: 54.73032311684519%
2026-04-08 14:54:17.927438,warning,-0.1281,EC2 i-00dfb80a59da9a56d CPU: 54.964409004300556%
2026-04-08 14:55:18.553074,warning,-0.1281,EC2 i-00dfb80a59da9a56d CPU: 54.944860536773774%
2026-04-08 14:56:19.455251,warning,-0.1281,EC2 i-00dfb80a59da9a56d CPU: 55.13836624596223%
2026-04-08 14:57:20.160480,warning,-0.1281,EC2 i-00dfb80a59da9a56d CPU: 54.933134943073874%
2026-04-08 14:59:21.880557,warning,-0.1281,EC2 i-00dfb80a59da9a56d CPU: 54.61201481739171%
2026-04-08 15:01:23.360013,warning,-0.1281,EC2 i-00dfb80a59da9a56d CPU: 52.9342155702595%
2026-04-08 15:03:24.807851,warning,-0.1281,EC2 i-00dfb80a59da9a56d CPU: 54.078788494922826%
2026-04-08 15:05:26.181303,warning,-0.1281,EC2 i-00dfb80a59da9a56d CPU: 54.52828128903468%
2026-04-08 15:07:27.739003,warning,-0.1281,EC2 i-00dfb80a59da9a56d CPU: 55.60020394072518%
2026-04-08 15:09:29.094532,warning,-0.1281,EC2 i-00dfb80a59da9a56d CPU: 55.36389661664136%
2026-04-08 14:58:21.010158,warning,-0.1281,EC2 i-00dfb80a59da9a56d CPU: 54.70768642318895%
2026-04-08 15:00:22.752490,warning,-0.1285,EC2 i-00dfb80a59da9a56d CPU: 54.55276413470868%
2026-04-08 15:02:24.101717,warning,-0.1285,EC2 i-00dfb80a59da9a56d CPU: 54.078788494922826%
2026-04-08 15:04:25.480541,warning,-0.1285,EC2 i-00dfb80a59da9a56d CPU: 54.52828128903468%
2026-04-08 15:06:27.147292,warning,-0.1281,EC2 i-00dfb80a59da9a56d CPU: 55.564250164047465%
2026-04-08 15:08:28.422072,warning,-0.1281,EC2 i-00dfb80a59da9a56d CPU: 55.438204104135046%
2026-04-08 15:10:29.885877,warning,-0.1281,EC2 i-00dfb80a59da9a56d CPU: 55.36389661664136%
2026-04-08 15:11:30.715841,warning,-0.1281,EC2 i-00dfb80a59da9a56d CPU: 53.8210165427499%
2026-04-08 15:12:31.292152,warning,-0.1285,EC2 i-00dfb80a59da9a56d CPU: 53.69956388296284%
2026-04-08 15:13:31.967072,warning,-0.1281,EC2 i-00dfb80a59da9a56d CPU: 53.7835648410867%
2026-04-08 15:14:32.579502,warning,-0.1285,EC2 i-00dfb80a59da9a56d CPU: 53.87136883980132%
2026-04-08 15:15:33.233333,warning,-0.1281,EC2 i-00dfb80a59da9a56d CPU: 53.87136883980132%
2026-04-08 15:16:34.166462,warning,-0.1281,EC2 i-00dfb80a59da9a56d CPU: 55.143384577313626%
2026-04-08 15:17:38.975439,warning,-0.1281,EC2 i-00dfb80a59da9a56d CPU: 55.080659706109664%
2026-04-08 15:18:41.757818,warning,-0.1226,EC2 i-00dfb80a59da9a56d CPU: 63.37140365816488%
2026-04-08 15:19:42.797842,warning,-0.1146,EC2 i-00dfb80a59da9a56d CPU: 70.69545625986524%
2026-04-08 15:20:43.758005,warning,-0.1148,EC2 i-00dfb80a59da9a56d CPU: 70.69545625986524%
2026-04-08 15:21:44.677826,critical,-0.5,EC2 i-00dfb80a59da9a56d CPU: 86.37733524259883%
2026-04-08 15:22:45.393257,critical,-0.5,EC2 i-00dfb80a59da9a56d CPU: 89.02308978470772%
2026-04-08 15:23:46.681331,critical,-0.5,EC2 i-00dfb80a59da9a56d CPU: 80.5209180844888%
2026-04-08 15:24:48.345190,critical,-0.5,EC2 i-00dfb80a59da9a56d CPU: 80.24506780092437%
2026-04-08 15:25:50.016981,critical,-0.5,EC2 i-00dfb80a59da9a56d CPU: 80.24506780092437%
2026-04-08 15:26:51.787595,critical,-0.5,EC2 i-00dfb80a59da9a56d CPU: 99.9974976227416%
2026-04-08 15:27:53.656690,critical,-0.5,EC2 i-00dfb80a59da9a56d CPU: 99.99443909670879%
2026-04-08 15:28:54.868609,critical,-0.5,EC2 i-00dfb80a59da9a56d CPU: 99.99582932253159%
2026-04-08 15:29:55.877674,critical,-0.5,EC2 i-00dfb80a59da9a56d CPU: 95.27142906477846%
2026-04-08 15:30:56.838955,critical,-0.5,EC2 i-00dfb80a59da9a56d CPU: 95.27142906477846%
2026-04-08 15:31:58.389094,warning,-0.1281,EC2 i-00dfb80a59da9a56d CPU: 53.95008035661419%
2026-04-08 15:32:59.638558,warning,-0.1285,EC2 i-00dfb80a59da9a56d CPU: 54.03060912663168%
2026-04-08 15:34:00.747959,warning,-0.1281,EC2 i-00dfb80a59da9a56d CPU: 54.27863894697686%
2026-04-08 15:35:01.735299,warning,-0.1285,EC2 i-00dfb80a59da9a56d CPU: 54.344953764724934%
2026-04-08 15:36:03.967681,warning,-0.1281,EC2 i-00dfb80a59da9a56d CPU: 55.08333333333333%
2026-04-08 15:37:04.974802,warning,-0.1281,EC2 i-00dfb80a59da9a56d CPU: 54.79032629569194%
2026-04-08 15:38:05.898556,warning,-0.1281,EC2 i-00dfb80a59da9a56d CPU: 55.053126231094126%
2026-04-08 16:04:49.520276,warning,-0.1291,EC2 i-00dfb80a59da9a56d CPU: 32.5427227560764%
2026-04-08 16:05:50.152083,warning,-0.1291,EC2 i-00dfb80a59da9a56d CPU: 32.5427227560764%
2026-04-08 16:06:50.747899,warning,-0.1242,EC2 i-00dfb80a59da9a56d CPU: 65.12940243878697%
2026-04-08 16:07:51.345274,warning,-0.1294,EC2 i-00dfb80a59da9a56d CPU: 49.227934959191316%
2026-04-08 16:08:51.969640,warning,-0.1289,EC2 i-00dfb80a59da9a56d CPU: 40.463419208137516%
2026-04-08 16:09:52.685705,warning,-0.1289,EC2 i-00dfb80a59da9a56d CPU: 35.22678194409205%
2026-04-08 16:10:53.226566,warning,-0.1291,EC2 i-00dfb80a59da9a56d CPU: 35.22678194409205%
2026-04-08 16:11:53.797444,warning,-0.1286,EC2 i-00dfb80a59da9a56d CPU: 16.036315097774377%
2026-04-08 16:12:14.551138,warning,-0.1291,EC2 i-00dfb80a59da9a56d CPU: 16.036315097774377%
2026-04-08 16:12:43.754671,warning,-0.1291,EC2 i-00dfb80a59da9a56d CPU: 16.59643228740514%
2026-04-08 16:13:44.745517,warning,-0.1293,EC2 i-00dfb80a59da9a56d CPU: 26.228574215553856%
2026-04-08 16:14:45.409929,warning,-0.1291,EC2 i-00dfb80a59da9a56d CPU: 32.07619270577642%
2026-04-08 16:15:46.052111,warning,-0.1291,EC2 i-00dfb80a59da9a56d CPU: 32.07619270577642%
2026-04-08 16:17:47.666681,warning,-0.1285,EC2 i-00dfb80a59da9a56d CPU: 54.444548387600754%
2026-04-08 16:19:48.970563,warning,-0.1285,EC2 i-00dfb80a59da9a56d CPU: 54.39308058192189%
2026-04-08 16:20:50.062342,warning,-0.1281,EC2 i-00dfb80a59da9a56d CPU: 54.39308058192189%
2026-04-08 16:21:50.935227,warning,-0.1285,EC2 i-00dfb80a59da9a56d CPU: 54.31749954123083%
2026-04-08 16:28:56.268120,warning,-0.1281,EC2 i-00dfb80a59da9a56d CPU: 55.40433849825587%
2026-04-08 16:29:56.940056,warning,-0.1281,EC2 i-00dfb80a59da9a56d CPU: 55.44680413193803%
2026-04-08 16:30:57.639514,warning,-0.1281,EC2 i-00dfb80a59da9a56d CPU: 55.44680413193803%
2026-04-08 16:31:58.385192,warning,-0.1285,EC2 i-00dfb80a59da9a56d CPU: 54.35929299501193%
2026-04-08 16:32:59.250902,warning,-0.1281,EC2 i-00dfb80a59da9a56d CPU: 54.488554604931075%
2026-04-08 16:16:46.746366,warning,-0.1281,EC2 i-00dfb80a59da9a56d CPU: 54.4159342374744%
2026-04-08 16:25:53.972901,warning,-0.1281,EC2 i-00dfb80a59da9a56d CPU: 54.81803537101185%
2026-04-08 16:35:00.591845,warning,-0.1281,EC2 i-00dfb80a59da9a56d CPU: 54.50035919295209%
2026-04-08 16:18:48.325210,warning,-0.1281,EC2 i-00dfb80a59da9a56d CPU: 54.418827957367235%
2026-04-08 16:22:51.634527,warning,-0.1281,EC2 i-00dfb80a59da9a56d CPU: 54.692221916376106%
2026-04-08 16:23:52.314770,warning,-0.1281,EC2 i-00dfb80a59da9a56d CPU: 54.77541643728208%
2026-04-08 16:24:53.034042,warning,-0.1281,EC2 i-00dfb80a59da9a56d CPU: 54.81803537101185%
2026-04-08 16:26:54.643966,warning,-0.1281,EC2 i-00dfb80a59da9a56d CPU: 55.48737865542827%
2026-04-08 16:27:55.315362,warning,-0.1281,EC2 i-00dfb80a59da9a56d CPU: 55.591895775452265%
2026-04-08 16:33:59.907561,warning,-0.1285,EC2 i-00dfb80a59da9a56d CPU: 54.52128232452344%
2026-04-08 16:36:01.913537,warning,-0.1285,EC2 i-00dfb80a59da9a56d CPU: 54.46666666666666%
2026-04-08 16:37:02.773844,warning,-0.1281,EC2 i-00dfb80a59da9a56d CPU: 54.791666666666664%
2026-04-08 16:38:03.560189,warning,-0.1281,EC2 i-00dfb80a59da9a56d CPU: 55.09166666666666%
2026-04-08 16:39:04.730762,warning,-0.1281,EC2 i-00dfb80a59da9a56d CPU: 55.133333333333326%
2026-04-08 16:40:05.847703,warning,-0.1281,EC2 i-00dfb80a59da9a56d CPU: 55.20778726876133%
2026-04-08 16:41:06.763112,warning,-0.1281,EC2 i-00dfb80a59da9a56d CPU: 55.25%
2026-04-08 16:42:07.636064,warning,-0.1281,EC2 i-00dfb80a59da9a56d CPU: 55.2262211601021%
2026-04-08 16:43:09.291581,warning,-0.1281,EC2 i-00dfb80a59da9a56d CPU: 55.10011227347633%
2026-04-08 16:44:10.460156,warning,-0.1281,EC2 i-00dfb80a59da9a56d CPU: 54.87545705931875%
2026-04-08 16:45:11.497012,warning,-0.1281,EC2 i-00dfb80a59da9a56d CPU: 54.53990343529695%
2026-04-08 16:46:12.405036,warning,-0.1285,EC2 i-00dfb80a59da9a56d CPU: 54.30181006033534%
2026-04-08 16:47:13.267836,warning,-0.1281,EC2 i-00dfb80a59da9a56d CPU: 53.922171066235265%
2026-04-08 16:48:14.336384,warning,-0.1285,EC2 i-00dfb80a59da9a56d CPU: 53.91160428398456%
2026-04-08 16:49:15.375079,warning,-0.1281,EC2 i-00dfb80a59da9a56d CPU: 53.97514418897215%
2026-04-08 16:50:16.347885,warning,-0.1285,EC2 i-00dfb80a59da9a56d CPU: 54.17029852089722%
2026-04-08 16:51:17.469432,warning,-0.1281,EC2 i-00dfb80a59da9a56d CPU: 55.43599753098777%
2026-04-08 16:52:18.455950,warning,-0.1281,EC2 i-00dfb80a59da9a56d CPU: 55.40373588627713%
2026-04-08 16:53:19.376913,warning,-0.1281,EC2 i-00dfb80a59da9a56d CPU: 55.23962871325864%
2026-04-08 16:54:20.346183,warning,-0.1281,EC2 i-00dfb80a59da9a56d CPU: 55.06541121250427%
2026-04-08 16:55:21.357796,warning,-0.1281,EC2 i-00dfb80a59da9a56d CPU: 55.06541121250427%
2026-04-08 16:55:54.403773,warning,-0.1281,EC2 i-00dfb80a59da9a56d CPU: 55.06541121250427%
2026-04-08 16:56:54.953010,warning,-0.1296,EC2 i-00dfb80a59da9a56d CPU: 46.1194473583429%
2026-04-08 16:58:28.218757,warning,-0.1289,EC2 i-00dfb80a59da9a56d CPU: 40.19858903876306%
2026-04-08 16:59:28.885611,warning,-0.1296,EC2 i-00dfb80a59da9a56d CPU: 44.13553789767711%
2026-04-08 17:00:29.574777,warning,-0.1291,EC2 i-00dfb80a59da9a56d CPU: 44.13553789767711%
2026-04-08 17:01:30.452285,warning,-0.1281,EC2 i-00dfb80a59da9a56d CPU: 55.46119415721731%
2026-04-08 17:02:31.187143,warning,-0.1281,EC2 i-00dfb80a59da9a56d CPU: 55.44912943814487%
2026-04-08 17:03:31.901680,warning,-0.1281,EC2 i-00dfb80a59da9a56d CPU: 55.23661958240026%
2026-04-08 17:04:32.543104,warning,-0.1281,EC2 i-00dfb80a59da9a56d CPU: 55.18158821538469%
2026-04-08 17:05:33.264669,warning,-0.1281,EC2 i-00dfb80a59da9a56d CPU: 55.18158821538469%
2026-04-08 17:06:25.386998,warning,-0.0752786753301613,Metric ec2_cpu value 55.2
2026-04-08 17:06:33.901569,warning,-0.1281,EC2 i-00dfb80a59da9a56d CPU: 54.62499999999999%
2026-04-08 17:07:34.711384,warning,-0.1281,EC2 i-00dfb80a59da9a56d CPU: 54.68333333333333%
2026-04-08 17:08:35.465873,warning,-0.1285,EC2 i-00dfb80a59da9a56d CPU: 54.60560999367278%
2026-04-08 17:09:36.127254,warning,-0.1281,EC2 i-00dfb80a59da9a56d CPU: 54.88364718215253%
2026-04-08 17:10:36.749407,warning,-0.1281,EC2 i-00dfb80a59da9a56d CPU: 54.88364718215253%
2026-04-08 17:11:37.484703,warning,-0.1281,EC2 i-00dfb80a59da9a56d CPU: 55.18633652197079%
2026-04-08 17:12:38.160556,warning,-0.1281,EC2 i-00dfb80a59da9a56d CPU: 55.403016978757535%
2026-04-08 17:13:38.729543,warning,-0.1281,EC2 i-00dfb80a59da9a56d CPU: 55.535596067401485%
2026-04-08 17:14:32.815978,warning,-0.1285,EC2 i-00dfb80a59da9a56d CPU: 53.24014352058786%
2026-04-08 17:15:34.029945,warning,-0.1281,EC2 i-00dfb80a59da9a56d CPU: 53.24014352058786%
2026-04-08 17:16:35.038461,warning,-0.1285,EC2 i-00dfb80a59da9a56d CPU: 52.275%
2026-04-08 17:17:25.917074,warning,-0.1296,EC2 i-00dfb80a59da9a56d CPU: 47.78493403488908%
2026-04-08 17:18:26.657817,warning,-0.1296,EC2 i-00dfb80a59da9a56d CPU: 48.203077786545805%
2026-04-08 17:19:27.362349,warning,-0.129,EC2 i-00dfb80a59da9a56d CPU: 49.75828485777757%
2026-04-08 17:20:28.044859,warning,-0.1294,EC2 i-00dfb80a59da9a56d CPU: 49.75828485777757%
2026-04-08 17:21:28.722062,warning,-0.1281,EC2 i-00dfb80a59da9a56d CPU: 55.420833333333334%
2026-04-08 17:22:29.351117,warning,-0.1281,EC2 i-00dfb80a59da9a56d CPU: 55.420833333333334%
2026-04-08 17:23:30.206150,warning,-0.1281,EC2 i-00dfb80a59da9a56d CPU: 55.095186343806716%
2026-04-08 17:24:30.862956,warning,-0.1281,EC2 i-00dfb80a59da9a56d CPU: 54.85948240837871%
2026-04-08 17:25:31.657375,warning,-0.1281,EC2 i-00dfb80a59da9a56d CPU: 54.85948240837871%
2026-04-08 17:26:32.268812,warning,-0.1285,EC2 i-00dfb80a59da9a56d CPU: 54.474835413538955%
2026-04-08 17:27:32.931363,warning,-0.1281,EC2 i-00dfb80a59da9a56d CPU: 54.30864943022277%
2026-04-08 17:28:33.864423,warning,-0.1285,EC2 i-00dfb80a59da9a56d CPU: 54.27315373933374%
2026-04-08 17:29:34.564178,warning,-0.1281,EC2 i-00dfb80a59da9a56d CPU: 54.48800698167629%
2026-04-08 17:30:35.249031,warning,-0.1285,EC2 i-00dfb80a59da9a56d CPU: 54.48800698167629%
2026-04-08 17:31:35.864248,warning,-0.1281,EC2 i-00dfb80a59da9a56d CPU: 54.758333333333326%
2026-04-08 17:32:36.540760,warning,-0.1281,EC2 i-00dfb80a59da9a56d CPU: 54.98333333333333%
2026-04-08 17:33:37.372921,warning,-0.1281,EC2 i-00dfb80a59da9a56d CPU: 55.37291666666666%
2026-04-08 17:34:38.359634,warning,-0.1281,EC2 i-00dfb80a59da9a56d CPU: 55.38219633651969%
2026-04-08 17:35:39.256414,warning,-0.1281,EC2 i-00dfb80a59da9a56d CPU: 55.38219633651969%
2026-04-08 17:36:40.298644,warning,-0.1285,EC2 i-00dfb80a59da9a56d CPU: 54.28966866466866%
2026-04-08 17:37:41.564693,warning,-0.1281,EC2 i-00dfb80a59da9a56d CPU: 54.22225269447492%
2026-04-08 17:38:42.630298,warning,-0.1285,EC2 i-00dfb80a59da9a56d CPU: 54.23335618752285%
2026-04-08 17:39:43.312073,warning,-0.1281,EC2 i-00dfb80a59da9a56d CPU: 54.15478858489848%
2026-04-08 17:40:44.134061,warning,-0.1285,EC2 i-00dfb80a59da9a56d CPU: 54.15478858489848%
2026-04-08 17:41:45.264855,warning,-0.1281,EC2 i-00dfb80a59da9a56d CPU: 53.575%
2026-04-08 17:42:46.218275,warning,-0.1285,EC2 i-00dfb80a59da9a56d CPU: 53.72266125041011%
2026-04-08 17:43:47.107877,warning,-0.1281,EC2 i-00dfb80a59da9a56d CPU: 54.02894583540487%
2026-04-08 17:44:47.969166,warning,-0.1285,EC2 i-00dfb80a59da9a56d CPU: 54.19649000165723%
2026-04-08 17:45:48.856087,warning,-0.1281,EC2 i-00dfb80a59da9a56d CPU: 54.19649000165723%
2026-04-08 17:46:49.726714,warning,-0.1281,EC2 i-00dfb80a59da9a56d CPU: 54.97198317568356%
2026-04-08 17:47:50.528743,warning,-0.1281,EC2 i-00dfb80a59da9a56d CPU: 55.10909989490015%
2026-04-08 17:48:51.568983,warning,-0.1281,EC2 i-00dfb80a59da9a56d CPU: 55.075018886907664%
2026-04-08 17:49:52.635792,warning,-0.1281,EC2 i-00dfb80a59da9a56d CPU: 55.06713854345503%
2026-04-08 17:50:31.943198,warning,-0.1281,EC2 i-00dfb80a59da9a56d CPU: 55.06713854345503%
2026-04-08 17:50:59.141264,warning,-0.1281,EC2 i-00dfb80a59da9a56d CPU: 55.06713854345503%
2026-04-08 17:51:59.680558,warning,-0.1261,EC2 i-00dfb80a59da9a56d CPU: 57.10331585987626%
2026-04-08 17:53:00.432151,warning,-0.1296,EC2 i-00dfb80a59da9a56d CPU: 48.26054390658417%
2026-04-08 17:53:12.366278,warning,-0.1296,EC2 i-00dfb80a59da9a56d CPU: 48.26054390658417%
2026-04-08 17:54:13.041993,warning,-0.1296,EC2 i-00dfb80a59da9a56d CPU: 40.72428786466897%
2026-04-08 17:55:13.604074,warning,-0.1291,EC2 i-00dfb80a59da9a56d CPU: 44.24315241580598%
2026-04-08 17:55:30.372439,warning,-0.1296,EC2 i-00dfb80a59da9a56d CPU: 44.24315241580598%
2026-04-08 17:56:31.031219,warning,-0.1296,EC2 i-00dfb80a59da9a56d CPU: 47.7125%
2026-04-08 17:57:25.410924,warning,-0.12909541396393143,Metric cpu value 85.5
2026-04-08 17:57:31.664316,warning,-0.129,EC2 i-00dfb80a59da9a56d CPU: 50.39265510568373%
2026-04-08 17:58:32.581228,warning,-0.1285,EC2 i-00dfb80a59da9a56d CPU: 52.195393805243945%
2026-04-08 17:59:33.418460,warning,-0.1281,EC2 i-00dfb80a59da9a56d CPU: 52.88279626950807%
2026-04-08 18:00:34.102463,warning,-0.1285,EC2 i-00dfb80a59da9a56d CPU: 52.88279626950807%
2026-04-08 18:01:34.832923,warning,-0.1281,EC2 i-00dfb80a59da9a56d CPU: 53.94628243804064%
2026-04-08 18:02:35.692353,warning,-0.1285,EC2 i-00dfb80a59da9a56d CPU: 54.21388413042979%
2026-04-08 18:03:07.393259,warning,-0.1281,EC2 i-00dfb80a59da9a56d CPU: 54.21388413042979%
2026-04-08 18:03:37.906147,warning,-0.1281,EC2 i-00dfb80a59da9a56d CPU: 55.52524417834035%
2026-04-08 18:04:38.620896,warning,-0.1281,EC2 i-00dfb80a59da9a56d CPU: 55.55500976243195%
2026-04-08 18:05:39.285946,warning,-0.1281,EC2 i-00dfb80a59da9a56d CPU: 55.55500976243195%
2026-04-08 18:06:39.982965,warning,-0.1281,EC2 i-00dfb80a59da9a56d CPU: 54.412711916983504%
2026-04-08 18:07:40.623193,warning,-0.1281,EC2 i-00dfb80a59da9a56d CPU: 54.883474611322335%
2026-04-08 18:08:41.301233,warning,-0.1281,EC2 i-00dfb80a59da9a56d CPU: 55.1300416891025%
2026-04-08 18:09:41.991776,warning,-0.1281,EC2 i-00dfb80a59da9a56d CPU: 55.230700017948664%
2026-04-08 18:10:42.711898,warning,-0.1281,EC2 i-00dfb80a59da9a56d CPU: 55.230700017948664%
2026-04-08 18:11:43.592346,warning,-0.1281,EC2 i-00dfb80a59da9a56d CPU: 55.4%
2026-04-08 18:12:44.415386,warning,-0.1281,EC2 i-00dfb80a59da9a56d CPU: 55.2076394092279%
2026-04-08 18:13:45.009439,warning,-0.1281,EC2 i-00dfb80a59da9a56d CPU: 55.11754396620046%
2026-04-08 18:14:45.753568,warning,-0.1281,EC2 i-00dfb80a59da9a56d CPU: 54.90818265377451%
2026-04-08 18:15:56.260402,warning,-0.1281,EC2 i-00dfb80a59da9a56d CPU: 54.90818265377451%
2026-04-08 18:16:56.890305,warning,-0.1296,EC2 i-00dfb80a59da9a56d CPU: 44.387117532590416%
2026-04-08 18:17:57.476165,warning,-0.1297,EC2 i-00dfb80a59da9a56d CPU: 29.994189466171388%
2026-04-08 18:18:58.039011,warning,-0.1293,EC2 i-00dfb80a59da9a56d CPU: 22.76439209962854%
2026-04-08 18:19:58.860292,warning,-0.1286,EC2 i-00dfb80a59da9a56d CPU: 18.44506889048641%
2026-04-08 18:20:59.440941,warning,-0.1293,EC2 i-00dfb80a59da9a56d CPU: 18.44506889048641%
2026-04-08 18:22:00.144496,warning,-0.1292,EC2 i-00dfb80a59da9a56d CPU: 1.1952717834723678%
2026-04-08 18:23:00.751245,warning,-0.1288,EC2 i-00dfb80a59da9a56d CPU: 1.1583023485275916%
2026-04-08 18:24:01.571716,warning,-0.1292,EC2 i-00dfb80a59da9a56d CPU: 1.1624767613956937%
2026-04-08 18:25:02.481924,warning,-0.1288,EC2 i-00dfb80a59da9a56d CPU: 1.1497689478291329%
2026-04-08 18:26:03.562507,warning,-0.1292,EC2 i-00dfb80a59da9a56d CPU: 1.2166666666666666%
2026-04-08 18:27:04.174593,warning,-0.1288,EC2 i-00dfb80a59da9a56d CPU: 1.1588655144417381%
2026-04-08 18:28:04.723316,warning,-0.1292,EC2 i-00dfb80a59da9a56d CPU: 1.166647087498293%
2026-04-08 18:29:05.342187,warning,-0.1288,EC2 i-00dfb80a59da9a56d CPU: 1.2691097338210071%
2026-04-08 18:30:06.071021,warning,-0.1292,EC2 i-00dfb80a59da9a56d CPU: 1.343621120390139%
2026-04-08 18:31:06.742429,warning,-0.1288,EC2 i-00dfb80a59da9a56d CPU: 1.6067801125578605%
2026-04-08 18:32:07.319789,warning,-0.1292,EC2 i-00dfb80a59da9a56d CPU: 1.7575726259884255%
2026-04-08 18:32:49.688694,warning,-0.1288,EC2 i-00dfb80a59da9a56d CPU: 1.7722856260071975%
2026-04-08 18:33:50.432255,warning,-0.1288,EC2 i-00dfb80a59da9a56d CPU: 7.937519662667728%
2026-04-08 18:34:51.143386,warning,-0.1291,EC2 i-00dfb80a59da9a56d CPU: 17.105233186717935%
2026-04-08 18:35:51.761518,warning,-0.1286,EC2 i-00dfb80a59da9a56d CPU: 17.105233186717935%
2026-04-08 18:36:52.442559,warning,-0.1281,EC2 i-00dfb80a59da9a56d CPU: 54.74902634164211%
2026-04-08 18:37:53.099322,warning,-0.1281,EC2 i-00dfb80a59da9a56d CPU: 55.21046200553919%
2026-04-08 18:38:53.785044,warning,-0.1281,EC2 i-00dfb80a59da9a56d CPU: 55.28284650415439%
2026-04-08 18:39:54.482716,warning,-0.1281,EC2 i-00dfb80a59da9a56d CPU: 55.39627720332352%
2026-04-08 18:40:55.374835,warning,-0.1281,EC2 i-00dfb80a59da9a56d CPU: 55.39627720332352%
2026-04-08 18:41:56.068777,warning,-0.1281,EC2 i-00dfb80a59da9a56d CPU: 55.762496057156255%
2026-04-08 18:42:56.849988,warning,-0.1281,EC2 i-00dfb80a59da9a56d CPU: 55.55912896311626%
2026-04-08 18:43:57.891171,warning,-0.1281,EC2 i-00dfb80a59da9a56d CPU: 55.39643005567053%
2026-04-08 18:44:58.512642,warning,-0.1281,EC2 i-00dfb80a59da9a56d CPU: 55.30300794503427%
2026-04-08 18:45:59.137025,warning,-0.1281,EC2 i-00dfb80a59da9a56d CPU: 55.30300794503427%
2026-04-08 18:46:59.828824,warning,-0.1281,EC2 i-00dfb80a59da9a56d CPU: 54.29337231904583%
2026-04-08 18:48:00.572165,warning,-0.1285,EC2 i-00dfb80a59da9a56d CPU: 54.267803768252776%
2026-04-08 18:49:01.312201,warning,-0.1281,EC2 i-00dfb80a59da9a56d CPU: 54.24668615952291%
2026-04-08 18:52:04.353958,warning,-0.1281,EC2 i-00dfb80a59da9a56d CPU: 55.39109124045984%
2026-04-08 18:53:05.501461,warning,-0.1281,EC2 i-00dfb80a59da9a56d CPU: 55.494060826973225%
2026-04-08 18:50:02.674123,warning,-0.1285,EC2 i-00dfb80a59da9a56d CPU: 54.44352173012262%
2026-04-08 18:51:03.704729,warning,-0.1281,EC2 i-00dfb80a59da9a56d CPU: 54.78537944380495%
2026-04-08 18:54:07.091516,warning,-0.1281,EC2 i-00dfb80a59da9a56d CPU: 55.46703311668488%
2026-04-08 18:55:08.035098,warning,-0.1281,EC2 i-00dfb80a59da9a56d CPU: 55.35819115691752%
2026-04-08 18:56:08.958927,warning,-0.1281,EC2 i-00dfb80a59da9a56d CPU: 55.561116393907554%
2026-04-08 18:57:10.117664,warning,-0.1281,EC2 i-00dfb80a59da9a56d CPU: 54.79722486362044%
2026-04-08 18:58:11.610770,warning,-0.1281,EC2 i-00dfb80a59da9a56d CPU: 54.77592768685807%
2026-04-08 18:59:12.669138,warning,-0.1281,EC2 i-00dfb80a59da9a56d CPU: 54.63134800964053%
2026-04-09 09:47:31.339518,warning,-0.1288,EC2 i-00dfb80a59da9a56d CPU: 0.0005955081389719999%
2026-04-09 09:48:31.888122,warning,-0.1288,EC2 i-00dfb80a59da9a56d CPU: 0.9211310874028193%
2026-04-09 09:49:32.667586,warning,-0.1292,EC2 i-00dfb80a59da9a56d CPU: 0.9610147255902118%
2026-04-09 09:50:33.208483,warning,-0.1288,EC2 i-00dfb80a59da9a56d CPU: 1.0814843256485631%
2026-04-09 09:51:33.780267,warning,-0.1292,EC2 i-00dfb80a59da9a56d CPU: 1.3988110106409553%
2026-04-09 09:52:34.399799,warning,-0.1288,EC2 i-00dfb80a59da9a56d CPU: 1.4500435476564633%
2026-04-09 09:53:34.948647,warning,-0.1292,EC2 i-00dfb80a59da9a56d CPU: 1.29447347621542%
2026-04-09 09:54:35.535006,warning,-0.1288,EC2 i-00dfb80a59da9a56d CPU: 1.231050607652814%
2026-04-09 09:55:36.215432,warning,-0.1292,EC2 i-00dfb80a59da9a56d CPU: 1.1816744616681318%
2026-04-09 09:56:36.785410,warning,-0.1288,EC2 i-00dfb80a59da9a56d CPU: 1.0416666666666665%
