instance_id,timestamp,cpu,disk,memory,instance_age_days,is_anomaly,severity,reboot_count
i-00dfb80a59da9a56d,2026-03-30 03:16:00,2.1666666666666665,24.0,24.09,0,0,normal,0
i-00dfb80a59da9a56d,2026-03-30 03:17:00,2.147222222222222,24.0,24.29,0,0,normal,0
i-00dfb80a59da9a56d,2026-03-30 03:18:00,,24.0,24.29,0,0,normal,0
i-00dfb80a59da9a56d,2026-03-30 03:19:00,2.15,24.0,23.46,0,0,normal,0
i-00dfb80a59da9a56d,2026-03-30 03:20:00,2.1446390568017186,24.0,23.18,0,0,normal,0
i-00dfb80a59da9a56d,2026-03-30 03:21:00,2.2218159802620456,24.0,23.41,0,0,normal,0
i-00dfb80a59da9a56d,2026-03-30 03:22:00,2.2006627010899122,24.0,23.19,0,0,normal,0
i-00dfb80a59da9a56d,2026-03-30 03:23:00,2.1771327188117224,24.0,23.6,0,0,normal,0
i-00dfb80a59da9a56d,2026-03-30 03:24:00,2.185039508382711,20.0,1.5295276558678979,0,0,normal,0
i-00dfb80a59da9a56d,2026-03-30 03:25:00,,24.0,24.48,0,0,normal,0
i-00dfb80a59da9a56d,2026-03-30 03:26:00,2.293616240471067,24.0,24.8,0,0,normal,0
i-00dfb80a59da9a56d,2026-03-30 03:27:00,2.255141453568867,24.0,23.97,0,0,normal,0
i-00dfb80a59da9a56d,2026-03-30 03:28:00,2.2171540601177666,24.0,24.38,0,0,normal,0
i-00dfb80a59da9a56d,2026-03-30 03:29:00,2.2087232480942136,24.0,24.02,0,0,normal,0
i-00dfb80a59da9a56d,2026-03-30 03:46:00,2.229166666666667,24.0,22.32,0,0,normal,0
i-00dfb80a59da9a56d,2026-03-30 03:47:00,2.2604658155241,24.0,23.16,0,0,normal,0
i-00dfb80a59da9a56d,2026-03-30 03:48:00,2.2604658155241,24.0,23.27,0,0,normal,0
i-00dfb80a59da9a56d,2026-03-30 03:49:00,2.2679384894422356,24.0,22.8,0,0,normal,0
i-00dfb80a59da9a56d,2026-03-30 03:50:00,2.2679384894422356,24.0,23.18,0,0,normal,0
i-00dfb80a59da9a56d,2026-03-30 03:51:00,2.196793941516956,24.0,23.9,0,0,normal,0
i-00dfb80a59da9a56d,2026-03-30 03:52:00,2.075121402164102,20.0,1.4525849815148713,0,0,normal,0
i-00dfb80a59da9a56d,2026-03-30 03:53:00,,24.0,22.85,0,0,normal,0
i-00dfb80a59da9a56d,2026-03-30 03:54:00,2.1000910516230764,24.0,22.82,0,0,normal,0
i-00dfb80a59da9a56d,2026-03-30 03:55:00,2.0399348941781907,24.0,22.34,0,0,normal,0
i-00dfb80a59da9a56d,2026-03-30 03:56:00,2.230504427683031,24.0,22.68,0,0,normal,0
i-00dfb80a59da9a56d,2026-03-30 03:57:00,2.2092251740109097,24.0,22.31,0,0,normal,0
i-00dfb80a59da9a56d,2026-03-30 03:58:00,2.2215022138415157,24.0,22.65,0,0,normal,0
i-00dfb80a59da9a56d,2026-03-30 03:59:00,2.210167083890651,20.0,1.5471169587234557,0,0,normal,0
i-00dfb80a59da9a56d,2026-03-30 04:00:00,,24.0,24.12,0,0,normal,0
i-00dfb80a59da9a56d,2026-03-30 04:01:00,2.313004409684666,24.0,23.56,0,0,normal,0
i-00dfb80a59da9a56d,2026-03-30 04:02:00,2.3468988366463894,24.0,25.38,0,0,normal,0
i-00dfb80a59da9a56d,2026-03-30 04:03:00,1.8715808602231614,24.0,24.05,0,0,normal,0
i-00dfb80a59da9a56d,2026-03-30 04:04:00,1.9252342473865354,24.0,24.09,0,0,normal,0
i-00dfb80a59da9a56d,2026-03-30 04:05:00,1.9252342473865354,24.0,23.67,0,0,normal,0
i-00dfb80a59da9a56d,2026-03-30 04:07:00,2.179203905334522,24.0,23.68,0,0,normal,0
i-00dfb80a59da9a56d,2026-03-30 04:08:00,2.1777905204244,24.0,23.56,0,0,normal,0
i-00dfb80a59da9a56d,2026-03-30 04:09:00,2.1546193086071788,24.0,24.05,0,0,normal,0
i-00dfb80a59da9a56d,2026-03-30 04:10:00,2.1653621135524097,24.0,24.31,0,0,normal,0
i-00dfb80a59da9a56d,2026-03-30 04:11:00,2.1949309753376296,24.0,24.13,0,0,normal,0
i-00dfb80a59da9a56d,2026-03-30 04:12:00,2.2055849365351166,24.0,24.31,0,0,normal,0
i-00dfb80a59da9a56d,2026-03-30 04:14:00,2.1916887024013376,24.0,24.12,0,0,normal,0
i-00dfb80a59da9a56d,2026-03-30 04:15:00,2.2000176285877364,24.0,24.34,0,0,normal,0
i-00dfb80a59da9a56d,2026-03-30 04:16:00,2.1481740520557526,24.0,24.05,0,0,normal,0
i-00dfb80a59da9a56d,2026-03-30 04:17:00,2.157724684018584,24.0,24.76,0,0,normal,0
i-00dfb80a59da9a56d,2026-03-30 04:18:00,2.1703768463472715,24.0,22.4,0,0,normal,0
i-00dfb80a59da9a56d,2026-03-30 04:19:00,2.1549906962474443,20.0,1.508493487373211,0,0,normal,0
i-00dfb80a59da9a56d,2026-03-30 04:20:00,,24.0,24.13,0,0,normal,0
i-00dfb80a59da9a56d,2026-03-30 04:21:00,2.2416666666666667,24.0,23.67,0,0,normal,0
i-00dfb80a59da9a56d,2026-03-30 04:22:00,2.1791666666666667,24.0,22.27,0,0,normal,0
i-00dfb80a59da9a56d,2026-03-30 04:23:00,2.1687499999999997,24.0,23.6,0,0,normal,0
i-00dfb80a59da9a56d,2026-03-30 04:24:00,2.1783333333333332,24.0,23.32,0,0,normal,0
i-00dfb80a59da9a56d,2026-03-30 04:25:00,2.1783333333333332,24.0,23.6,0,0,normal,0
i-00dfb80a59da9a56d,2026-03-30 04:27:00,2.186548100781003,24.0,23.53,0,0,normal,0
i-00dfb80a59da9a56d,2026-03-30 04:28:00,2.166634662726877,24.0,23.23,0,0,normal,0
i-00dfb80a59da9a56d,2026-03-30 04:29:00,2.176590458086606,24.0,23.45,0,0,normal,0
i-00dfb80a59da9a56d,2026-03-30 04:30:00,2.16663392379301,24.0,23.28,0,0,normal,0
i-00dfb80a59da9a56d,2026-03-30 04:31:00,2.1708333333333334,24.0,24.38,0,0,normal,0
i-00dfb80a59da9a56d,2026-03-30 04:32:00,2.25,20.0,1.575,0,0,normal,0
i-00dfb80a59da9a56d,2026-03-30 04:33:00,,24.0,23.91,0,0,normal,0
i-00dfb80a59da9a56d,2026-03-30 04:34:00,2.220833333333333,24.0,24.84,0,0,normal,0
i-00dfb80a59da9a56d,2026-03-30 04:35:00,2.1729964530149375,24.0,24.51,0,0,normal,0
i-00dfb80a59da9a56d,2026-03-30 04:36:00,2.049999028347222,24.0,24.83,0,0,normal,0
i-00dfb80a59da9a56d,2026-03-30 04:37:00,2.0694437966759254,24.0,24.68,0,0,normal,0
i-00dfb80a59da9a56d,2026-03-30 04:38:00,2.043733125831,24.0,25.06,0,0,normal,0
i-00dfb80a59da9a56d,2026-03-30 04:39:00,2.0370082865756878,20.0,1.4259058006029814,0,0,normal,0
i-00dfb80a59da9a56d,2026-03-30 04:40:00,,24.0,24.4,0,0,normal,0
i-00dfb80a59da9a56d,2026-03-30 04:41:00,1.883333333333333,24.0,22.77,0,0,normal,0
i-00dfb80a59da9a56d,2026-03-30 04:42:00,1.932491132537343,24.0,24.82,0,0,normal,0
i-00dfb80a59da9a56d,2026-03-30 04:43:00,1.9037527544093114,24.0,24.42,0,0,normal,0
i-00dfb80a59da9a56d,2026-03-30 04:44:00,1.9083233044448804,24.0,24.9,0,0,normal,0
i-00dfb80a59da9a56d,2026-03-30 04:45:00,1.9083233044448804,24.0,24.38,0,0,normal,0
i-00dfb80a59da9a56d,2026-03-30 04:47:00,1.8250429340575929,24.0,24.28,0,0,normal,0
i-00dfb80a59da9a56d,2026-03-30 04:48:00,1.7944730671495064,24.0,24.03,0,0,normal,0
i-00dfb80a59da9a56d,2026-03-30 04:49:00,1.8021048003621298,24.0,24.39,0,0,normal,0
i-00dfb80a59da9a56d,2026-03-30 04:50:00,1.776683840289704,24.0,24.05,0,0,normal,0
i-00dfb80a59da9a56d,2026-03-30 04:51:00,1.715973089540557,24.0,24.11,0,0,normal,0
i-00dfb80a59da9a56d,2026-03-30 04:52:00,1.719471225484627,24.0,24.41,0,0,normal,0
i-00dfb80a59da9a56d,2026-03-30 04:53:00,1.719471225484627,24.0,24.17,0,0,normal,0
i-00dfb80a59da9a56d,2026-03-30 04:54:00,1.6979367524468034,24.0,24.5,0,0,normal,0
i-00dfb80a59da9a56d,2026-03-30 04:55:00,1.696682735290776,24.0,24.04,0,0,normal,0
i-00dfb80a59da9a56d,2026-03-30 04:56:00,1.65,24.0,24.46,0,0,normal,0
i-00dfb80a59da9a56d,2026-03-30 04:57:00,1.6356558036779847,24.0,24.08,0,0,normal,0
i-00dfb80a59da9a56d,2026-03-30 04:58:00,1.6356558036779847,24.0,24.41,0,0,normal,0
i-00dfb80a59da9a56d,2026-03-30 04:59:00,1.6541885157553693,24.0,24.07,0,0,normal,0
i-00dfb80a59da9a56d,2026-03-30 05:00:00,1.6416841459376286,24.0,24.69,0,0,normal,0
i-00dfb80a59da9a56d,2026-03-30 05:29:00,0.0001577347978801,20.0,0.00011041435851606998,0,0,normal,0
i-00dfb80a59da9a56d,2026-03-30 05:31:00,7.59987333544441,20.0,5.319911334811087,0,0,normal,0
i-00dfb80a59da9a56d,2026-03-30 05:32:00,4.1919561519246535,20.0,2.934369306347257,0,0,normal,0
i-00dfb80a59da9a56d,2026-03-30 05:33:00,2.9694829877112023,20.0,2.0786380913978415,0,0,normal,0
i-00dfb80a59da9a56d,2026-03-30 05:34:00,2.4062789074500683,20.0,1.6843952352150477,0,0,normal,0
i-00dfb80a59da9a56d,2026-03-30 05:35:00,5.376632265807724,20.0,3.763642586065407,0,0,normal,0
i-00dfb80a59da9a56d,2026-03-30 05:47:00,1.9367682917286577,24.0,22.88,0,0,normal,0
i-00dfb80a59da9a56d,2026-03-30 05:48:00,2.0362441933737343,24.0,23.19,0,0,normal,0
i-00dfb80a59da9a56d,2026-03-30 05:54:00,0.0011623278607227,20.0,0.0008136295025058899,0,0,normal,0
i-00dfb80a59da9a56d,2026-03-30 06:07:00,0.0011917222913862,20.0,0.00083420560397034,0,0,normal,0
i-00dfb80a59da9a56d,2026-03-30 17:38:00,0.45525957294579183,20.0,0.3186817010620543,0,0,normal,0
i-00dfb80a59da9a56d,2026-03-30 17:39:00,0.45337399890223234,20.0,0.3173617992315626,0,0,normal,0
i-00dfb80a59da9a56d,2026-03-30 17:40:00,0.45337399890223234,20.0,0.3173617992315626,0,0,normal,0
i-00dfb80a59da9a56d,2026-03-30 17:42:00,0.500033383081266,20.0,0.35002336815688617,0,0,normal,0
i-00dfb80a59da9a56d,2026-03-30 17:43:00,0.5029526705389248,20.0,0.35206686937724735,0,0,normal,0
i-00dfb80a59da9a56d,2026-03-30 17:44:00,0.4984564283047305,20.0,0.34891949981331133,0,0,normal,0
i-00dfb80a59da9a56d,2026-03-30 17:52:00,0.8751839155239717,20.0,0.6126287408667801,0,0,normal,0
i-00dfb80a59da9a56d,2026-03-30 17:54:00,0.6625919577619858,20.0,0.46381437043339,0,0,normal,0
i-00dfb80a59da9a56d,2026-03-30 17:55:00,0.7000735662095886,20.0,0.49005149634671197,0,0,normal,0
i-00dfb80a59da9a56d,2026-03-30 17:56:00,0.449595364172245,20.0,0.3147167549205715,0,0,normal,0
i-00dfb80a59da9a56d,2026-03-30 17:57:00,0.42479768208612245,20.0,0.2973583774602857,0,0,normal,0
i-00dfb80a59da9a56d,2026-03-30 17:58:00,0.4472349764825531,20.0,0.31306448353778715,0,0,normal,0
i-00dfb80a59da9a56d,2026-03-30 18:00:00,0.43325485326976443,20.0,0.3032783972888351,0,0,normal,0
i-00dfb80a59da9a56d,2026-03-30 18:08:00,0.6277831692821448,20.0,0.4394482184975014,0,0,normal,0
i-00dfb80a59da9a56d,2026-03-30 18:10:00,0.5937540436282753,20.0,0.4156278305397927,0,0,normal,0
i-00dfb80a59da9a56d,2026-03-30 18:12:00,0.5,24.0,24.43,0,0,normal,0
i-00dfb80a59da9a56d,2026-03-30 18:13:00,1.7831846427128941,24.0,23.63,0,0,normal,0
i-00dfb80a59da9a56d,2026-03-30 18:14:00,1.8978051487013374,24.0,23.62,0,0,normal,0
i-00dfb80a59da9a56d,2026-03-30 18:15:00,1.9457722742685744,24.0,23.1,0,0,normal,0
i-00dfb80a59da9a56d,2026-03-30 18:16:00,2.396179471337686,20.0,1.67732562993638,0,0,normal,0
i-00dfb80a59da9a56d,2026-03-30 18:17:00,,24.0,23.58,0,0,normal,0
i-00dfb80a59da9a56d,2026-03-30 18:18:00,2.7049791435743487,24.0,24.63,0,0,normal,0
i-00dfb80a59da9a56d,2026-03-30 18:19:00,2.561493329667676,24.0,23.74,0,0,normal,0
i-00dfb80a59da9a56d,2026-03-30 18:22:00,2.295814166986106,24.0,23.43,0,0,normal,0
i-00dfb80a59da9a56d,2026-03-30 18:24:00,2.2339653598018416,24.0,23.62,0,0,normal,0
i-00dfb80a59da9a56d,2026-03-30 18:25:00,2.2316547345809417,24.0,23.21,0,0,normal,0
i-00dfb80a59da9a56d,2026-03-30 18:26:00,1.88502986020752,24.0,23.53,0,0,normal,0
i-00dfb80a59da9a56d,2026-03-30 18:27:00,2.4245144638567155,20.0,1.6971601246997008,0,0,normal,0
i-00dfb80a59da9a56d,2026-03-30 18:28:00,,24.0,23.43,0,0,normal,0
i-00dfb80a59da9a56d,2026-03-30 18:29:00,2.341342975904477,24.0,23.73,0,0,normal,0
i-00dfb80a59da9a56d,2026-03-30 18:30:00,2.2868793183889147,24.0,23.16,0,0,normal,0
i-00dfb80a59da9a56d,2026-03-30 18:31:00,2.2666666666666666,24.0,23.57,0,0,normal,0
i-00dfb80a59da9a56d,2026-03-30 18:32:00,1.9451162584161765,24.0,23.18,0,0,normal,0
i-00dfb80a59da9a56d,2026-03-30 18:33:00,2.0390665570506674,20.0,1.4273465899354671,0,0,normal,0
i-00dfb80a59da9a56d,2026-03-30 18:34:00,,24.0,25.26,0,0,normal,0
i-00dfb80a59da9a56d,2026-03-30 18:35:00,2.0642351427521994,24.0,23.74,0,0,normal,0
i-00dfb80a59da9a56d,2026-03-30 18:36:00,2.2563402327943654,24.0,24.13,0,0,normal,0
i-00dfb80a59da9a56d,2026-03-30 18:37:00,2.204120539270721,24.0,24.25,0,0,normal,0
i-00dfb80a59da9a56d,2026-03-30 18:38:00,2.058302581736036,24.0,23.65,0,0,normal,0
i-00dfb80a59da9a56d,2026-03-30 18:39:00,1.7726875384267815,24.0,23.28,0,0,normal,0
i-00dfb80a59da9a56d,2026-03-30 18:40:00,1.866887227551888,20.0,1.3068210592863214,0,0,normal,0
i-00dfb80a59da9a56d,2026-03-30 18:41:00,2.2916666666666665,24.0,23.555,0,0,normal,0
i-00dfb80a59da9a56d,2026-03-30 18:42:00,2.2198667033003625,24.0,23.18,0,0,normal,0
i-00dfb80a59da9a56d,2026-03-30 18:43:00,2.238927583670231,24.0,23.47,0,0,normal,0
i-00dfb80a59da9a56d,2026-03-30 18:44:00,2.278646191457611,20.0,1.5950523340203275,0,0,normal,0
i-00dfb80a59da9a56d,2026-03-30 18:45:00,,24.0,25.4,0,0,normal,0
i-00dfb80a59da9a56d,2026-03-30 18:47:00,57.13333333333333,24.0,26.12,0,0,normal,0
i-00dfb80a59da9a56d,2026-03-30 18:48:00,54.61845672228328,24.0,24.75,0,0,normal,0
i-00dfb80a59da9a56d,2026-03-30 18:49:00,65.963425499708,24.0,26.7,0,0,normal,0
i-00dfb80a59da9a56d,2026-03-30 18:50:00,63.40117301041681,20.0,44.380821107291766,0,0,normal,0
i-00dfb80a59da9a56d,2026-03-30 18:51:00,,24.0,26.97,0,0,normal,0
i-00dfb80a59da9a56d,2026-03-30 18:52:00,2.191666666666667,24.0,25.93,0,0,normal,0
i-00dfb80a59da9a56d,2026-03-30 18:53:00,45.96666666666667,24.0,26.58,0,0,normal,0
i-00dfb80a59da9a56d,2026-03-30 18:54:00,51.06284572782171,24.0,26.38,0,0,normal,0
i-00dfb80a59da9a56d,2026-03-30 18:55:00,41.264903418105106,24.0,26.48,0,0,normal,0
i-00dfb80a59da9a56d,2026-03-30 18:56:00,2.1936409435158306,20.0,1.5355486604610813,0,0,normal,0
i-00dfb80a59da9a56d,2026-03-30 18:57:00,,24.0,25.71,0,0,normal,0
i-00dfb80a59da9a56d,2026-03-30 18:58:00,2.3051538050912486,24.0,25.31,0,0,normal,0
i-00dfb80a59da9a56d,2026-03-30 18:59:00,45.69632690254562,24.0,26.19,0,0,normal,0
i-00dfb80a59da9a56d,2026-03-30 19:00:00,41.36606675066407,24.0,25.33,0,0,normal,0
i-00dfb80a59da9a56d,2026-03-30 19:01:00,2.166666666666667,24.0,25.65,0,0,normal,0
i-00dfb80a59da9a56d,2026-03-30 19:02:00,2.0833000011110743,24.0,26.76,0,0,normal,0
i-00dfb80a59da9a56d,2026-03-30 19:04:00,2.0978617294653037,24.0,25.7,0,0,normal,0
i-00dfb80a59da9a56d,2026-03-30 19:05:00,2.0588129637656443,24.0,26.19,0,0,normal,0
i-00dfb80a59da9a56d,2026-03-30 19:06:00,1.9166666666666663,24.0,26.45,0,0,normal,0
i-00dfb80a59da9a56d,2026-03-30 19:08:00,1.9666666666666663,24.0,27.01,0,0,normal,0
i-00dfb80a59da9a56d,2026-03-30 19:09:00,1.9638888888888886,24.0,27.66,0,0,normal,0
i-00dfb80a59da9a56d,2026-03-30 19:10:00,16.107951177273783,24.0,28.43,0,0,normal,0
i-00dfb80a59da9a56d,2026-03-30 19:11:00,99.99833183198211,24.0,27.31,0,1,critical,0
i-00dfb80a59da9a56d,2026-03-30 19:12:00,99.99583557996016,24.0,27.17,0,1,critical,0
i-00dfb80a59da9a56d,2026-03-30 19:13:00,99.99388738393766,20.0,69.99572116875636,0,1,critical,0
i-00dfb80a59da9a56d,2026-03-30 19:14:00,,24.0,25.669999999999998,0,0,normal,0
i-00dfb80a59da9a56d,2026-03-30 19:15:00,91.91144111493396,24.0,24.36,0,1,warning,0
i-00dfb80a59da9a56d,2026-03-30 19:16:00,2.108333333333333,24.0,24.75,0,0,normal,0
i-00dfb80a59da9a56d,2026-03-30 19:17:00,2.4458333333333333,24.0,25.74,0,0,normal,0
i-00dfb80a59da9a56d,2026-03-30 19:18:00,2.661111111111111,24.0,25.53,0,0,normal,0
i-00dfb80a59da9a56d,2026-03-30 19:19:00,2.5495016984713756,20.0,1.7846511889299628,0,0,normal,0
i-00dfb80a59da9a56d,2026-03-30 19:20:00,,24.0,25.57,0,0,normal,0
i-00dfb80a59da9a56d,2026-03-30 19:22:00,2.216666666666667,24.0,25.21,0,0,normal,0
i-00dfb80a59da9a56d,2026-03-31 16:57:00,2.3147734226104397,20.0,1.6203413958273076,1,0,normal,0
i-00dfb80a59da9a56d,2026-03-31 16:58:00,1.8487378372958487,20.0,1.294116486107094,1,0,normal,0
i-00dfb80a59da9a56d,2026-03-31 17:02:00,0.0010467955688276,20.0,0.0007327568981793199,1,0,normal,0
i-00dfb80a59da9a56d,2026-03-31 17:07:00,0.4289565078972376,20.0,0.3002695555280663,1,0,normal,0
i-00dfb80a59da9a56d,2026-03-31 17:08:00,0.4289565078972376,20.0,0.3002695555280663,1,0,normal,0
i-00dfb80a59da9a56d,2026-03-31 17:09:00,34.186837632076326,20.0,23.930786342453427,1,0,normal,0
i-00dfb80a59da9a56d,2026-03-31 17:10:00,47.34947010566106,20.0,33.14462907396274,1,0,normal,0
i-00dfb80a59da9a56d,2026-03-31 17:11:00,99.99500441276871,20.0,69.99650308893808,1,1,critical,0
i-00dfb80a59da9a56d,2026-03-31 17:12:00,99.99333553971769,20.0,69.99533487780238,1,1,critical,0
i-00dfb80a59da9a56d,2026-03-31 17:13:00,88.3650014709229,20.0,61.85550102964603,1,1,warning,0
i-00dfb80a59da9a56d,2026-03-31 17:14:00,66.36966916414603,20.0,46.45876841490222,1,0,normal,0
i-00dfb80a59da9a56d,2026-03-31 17:16:00,0.3996469785023229,20.0,0.279752884951626,1,0,normal,0
i-00dfb80a59da9a56d,2026-03-31 17:17:00,0.46672591973141897,20.0,0.32670814381199326,1,0,normal,0
i-00dfb80a59da9a56d,2026-03-31 17:18:00,23.461150613154278,20.0,16.422805429207994,1,0,normal,0
i-00dfb80a59da9a56d,2026-03-31 17:19:00,42.59586295986571,20.0,29.817104071905998,1,0,normal,0
i-00dfb80a59da9a56d,2026-03-31 17:20:00,54.07569125044631,20.0,37.85298387531242,1,0,normal,0
i-00dfb80a59da9a56d,2026-03-31 17:21:00,99.996663719619,20.0,69.99766460373328,1,1,critical,0
i-00dfb80a59da9a56d,2026-03-31 17:22:00,99.9983318598095,20.0,69.99883230186664,1,1,critical,0
i-00dfb80a59da9a56d,2026-03-31 17:24:00,87.51093539465532,20.0,61.25765477625872,1,1,warning,0
i-00dfb80a59da9a56d,2026-03-31 17:25:00,89.99874831572426,20.0,62.999123821006975,1,1,warning,0
i-00dfb80a59da9a56d,2026-03-31 17:26:00,99.95,20.0,69.965,1,1,critical,0
i-00dfb80a59da9a56d,2026-03-31 17:27:00,90.01870527299114,20.0,63.01309369109379,1,1,warning,0
i-00dfb80a59da9a56d,2026-03-31 17:28:00,63.798015172807766,20.0,44.65861062096543,1,0,normal,0
i-00dfb80a59da9a56d,2026-03-31 17:29:00,50.38809471293916,20.0,35.27166629905741,1,0,normal,0
i-00dfb80a59da9a56d,2026-03-31 17:31:00,99.975,20.0,69.98249999999999,1,1,critical,0
i-00dfb80a59da9a56d,2026-03-31 17:32:00,99.98500220638435,20.0,69.98950154446904,1,1,critical,0
i-00dfb80a59da9a56d,2026-03-31 17:33:00,99.9900014709229,20.0,69.99300102964602,1,1,critical,0
i-00dfb80a59da9a56d,2026-03-31 17:34:00,99.99166703309693,20.0,69.99416692316785,1,1,critical,0
i-00dfb80a59da9a56d,2026-03-31 17:35:00,95.54166695981088,20.0,66.87916687186761,1,1,critical,0
i-00dfb80a59da9a56d,2026-03-31 17:36:00,0.507884701846702,20.0,0.3555192912926914,1,0,normal,0
i-00dfb80a59da9a56d,2026-03-31 17:37:00,0.5039423509233509,20.0,0.35275964564634565,1,0,normal,0
i-00dfb80a59da9a56d,2026-03-31 17:39:00,9.456665279568119,20.0,6.619665695697683,1,0,normal,0
i-00dfb80a59da9a56d,2026-03-31 17:40:00,27.564331356236067,20.0,19.295031949365246,1,0,normal,0
i-00dfb80a59da9a56d,2026-03-31 17:41:00,99.98667843404992,20.0,69.99067490383494,1,1,critical,0
i-00dfb80a59da9a56d,2026-03-31 17:42:00,99.99333921702495,20.0,69.99533745191746,1,1,critical,0
i-00dfb80a59da9a56d,2026-03-31 17:43:00,99.99278170023887,20.0,69.9949471901672,1,1,critical,0
i-00dfb80a59da9a56d,2026-03-31 17:44:00,91.0487529418458,20.0,63.73412705929206,1,1,warning,0
i-00dfb80a59da9a56d,2026-03-31 17:45:00,72.91733568680998,20.0,51.04213498076698,1,0,normal,0
i-00dfb80a59da9a56d,2026-03-31 17:47:00,0.44605067809898735,20.0,0.31223547466929114,1,0,normal,0
i-00dfb80a59da9a56d,2026-03-31 17:48:00,0.45847822984376935,20.0,0.32093476089063855,1,0,normal,0
i-00dfb80a59da9a56d,2026-03-31 17:49:00,5.247860137755082,20.0,3.673502096428557,1,0,normal,0
i-00dfb80a59da9a56d,2026-03-31 17:50:00,24.198288110204068,20.0,16.938801677142845,1,0,normal,0
i-00dfb80a59da9a56d,2026-03-31 17:51:00,99.98499974999582,20.0,69.98949982499707,1,1,critical,0
i-00dfb80a59da9a56d,2026-03-31 17:52:00,99.99249987499792,20.0,69.99474991249853,1,1,critical,0
i-00dfb80a59da9a56d,2026-03-31 17:53:00,99.9922221388875,20.0,69.99455549722124,1,1,critical,0
i-00dfb80a59da9a56d,2026-03-31 17:55:00,99.9946671939433,20.0,69.99626703576031,1,1,critical,0
i-00dfb80a59da9a56d,2026-03-31 17:56:00,99.99500441276871,20.0,69.99650308893808,1,1,critical,0
i-00dfb80a59da9a56d,2026-03-31 17:57:00,99.99583406619385,20.0,69.99708384633568,1,1,critical,0
i-00dfb80a59da9a56d,2026-03-31 17:58:00,99.9972227107959,20.0,69.99805589755712,1,1,critical,0
i-00dfb80a59da9a56d,2026-03-31 17:59:00,95.22411684292894,20.0,66.65688179005025,1,1,critical,0
i-00dfb80a59da9a56d,2026-03-31 18:00:00,76.26262680767648,20.0,53.38383876537353,1,0,normal,0
i-00dfb80a59da9a56d,2026-03-31 18:01:00,0.5166666666666667,20.0,0.3616666666666667,1,0,normal,0
i-00dfb80a59da9a56d,2026-03-31 18:03:00,0.46930253039957964,20.0,0.3285117712797057,1,0,normal,0
i-00dfb80a59da9a56d,2026-03-31 18:04:00,0.45206363964261526,20.0,0.31644454774983066,1,0,normal,0
i-00dfb80a59da9a56d,2026-03-31 18:05:00,0.4615626563396729,20.0,0.323093859437771,1,0,normal,0
i-00dfb80a59da9a56d,2026-03-31 18:06:00,0.3916666666666666,20.0,0.2741666666666666,1,0,normal,0
i-00dfb80a59da9a56d,2026-03-31 18:07:00,0.4460543619085747,20.0,0.3122380533360023,1,0,normal,0
i-00dfb80a59da9a56d,2026-03-31 18:08:00,0.4307029079390498,20.0,0.30149203555733484,1,0,normal,0
i-00dfb80a59da9a56d,2026-03-31 18:09:00,1.0827600880046087,20.0,0.757932061603226,1,0,normal,0
i-00dfb80a59da9a56d,2026-03-31 18:11:00,20.86420626878223,20.0,14.60494438814756,1,0,normal,0
i-00dfb80a59da9a56d,2026-03-31 18:12:00,99.99750220638435,20.0,69.99825154446904,1,1,critical,0
i-00dfb80a59da9a56d,2026-03-31 18:13:00,99.99833480425623,20.0,69.99883436297935,1,1,critical,0
i-00dfb80a59da9a56d,2026-03-31 18:14:00,99.99708593517673,20.0,69.9979601546237,1,1,critical,0
i-00dfb80a59da9a56d,2026-03-31 18:15:00,92.40717063317125,20.0,64.68501944321987,1,1,warning,0
i-00dfb80a59da9a56d,2026-03-31 18:16:00,0.4246249146587181,20.0,0.29723744026110266,1,0,normal,0
i-00dfb80a59da9a56d,2026-03-31 18:17:00,0.45836313542834645,20.0,0.3208541947998425,1,0,normal,0
i-00dfb80a59da9a56d,2026-03-31 18:19:00,0.43324043064047296,20.0,0.30326830144833106,1,0,normal,0
i-00dfb80a59da9a56d,2026-03-31 18:20:00,4.71379162911732,20.0,3.2996541403821236,1,0,normal,0
i-00dfb80a59da9a56d,2026-03-31 18:21:00,99.99166666666666,20.0,69.99416666666666,1,1,critical,0
i-00dfb80a59da9a56d,2026-03-31 18:22:00,99.99583333333334,20.0,69.99708333333334,1,1,critical,0
i-00dfb80a59da9a56d,2026-03-31 18:23:00,99.99722222222222,20.0,69.99805555555555,1,1,critical,0
i-00dfb80a59da9a56d,2026-03-31 18:24:00,99.99791666666667,20.0,69.99854166666667,1,1,critical,0
i-00dfb80a59da9a56d,2026-03-31 18:27:00,99.9983318598095,20.0,69.99883230186664,1,1,critical,0
i-00dfb80a59da9a56d,2026-03-31 18:28:00,99.9972227107959,20.0,69.99805589755712,1,1,critical,0
i-00dfb80a59da9a56d,2026-03-31 18:29:00,99.99791703309693,20.0,69.99854192316785,1,1,critical,0
i-00dfb80a59da9a56d,2026-03-31 18:30:00,95.73556818366973,20.0,67.01489772856881,1,1,critical,0
i-00dfb80a59da9a56d,2026-03-31 18:31:00,0.525,20.0,0.3675,1,0,normal,0
i-00dfb80a59da9a56d,2026-03-31 18:32:00,0.45416666666666666,20.0,0.3179166666666666,1,0,normal,0
i-00dfb80a59da9a56d,2026-03-31 18:33:00,0.4694444444444444,20.0,0.3286111111111111,1,0,normal,0
i-00dfb80a59da9a56d,2026-03-31 18:35:00,0.44999999999999996,20.0,0.31499999999999995,1,0,normal,0
i-00dfb80a59da9a56d,2026-03-31 18:36:00,0.3833333333333333,20.0,0.2683333333333333,1,0,normal,0
i-00dfb80a59da9a56d,2026-03-31 18:37:00,0.47916666666666663,20.0,0.33541666666666664,1,0,normal,0
i-00dfb80a59da9a56d,2026-03-31 18:38:00,0.48055555555555557,20.0,0.3363888888888889,1,0,normal,0
i-00dfb80a59da9a56d,2026-03-31 18:39:00,0.45824854570483353,20.0,0.3207739819933835,1,0,normal,0
i-00dfb80a59da9a56d,2026-03-31 18:40:00,0.4650174660427485,20.0,0.32551222622992393,1,0,normal,0
i-00dfb80a59da9a56d,2026-03-31 18:41:00,0.5166666666666667,20.0,0.3616666666666667,1,0,normal,0
i-00dfb80a59da9a56d,2026-03-31 18:43:00,0.45416666666666666,20.0,0.3179166666666666,1,0,normal,0
i-00dfb80a59da9a56d,2026-03-31 18:44:00,0.4457503496969293,20.0,0.3120252447878505,1,0,normal,0
i-00dfb80a59da9a56d,2026-03-31 18:45:00,0.456598613118654,20.0,0.3196190291830578,1,0,normal,0
i-00dfb80a59da9a56d,2026-03-31 18:46:00,0.3920129447678782,20.0,0.2744090613375147,1,0,normal,0
i-00dfb80a59da9a56d,2026-03-31 18:47:00,0.4374638759675,20.0,0.30622471317725,1,0,normal,0
i-00dfb80a59da9a56d,2026-03-31 18:48:00,0.42231138582882594,20.0,0.29561797008017815,1,0,normal,0
i-00dfb80a59da9a56d,2026-03-31 18:49:00,0.4396502060382861,20.0,0.3077551442268002,1,0,normal,0
i-00dfb80a59da9a56d,2026-03-31 18:50:00,0.43172016483062886,20.0,0.3022041153814402,1,0,normal,0
i-00dfb80a59da9a56d,2026-03-31 18:52:00,0.507884701846702,20.0,0.3555192912926914,1,0,normal,0
i-00dfb80a59da9a56d,2026-03-31 18:53:00,0.46107699331597124,20.0,0.3227538953211799,1,0,normal,0
i-00dfb80a59da9a56d,2026-03-31 18:54:00,0.44372441165364507,20.0,0.3106070881575515,1,0,normal,0
i-00dfb80a59da9a56d,2026-03-31 18:55:00,0.4583128626562494,20.0,0.32081900385937456,1,0,normal,0
i-00dfb80a59da9a56d,2026-03-31 18:56:00,0.39999999999999997,20.0,0.27999999999999997,1,0,normal,0
i-00dfb80a59da9a56d,2026-03-31 18:57:00,0.44166666666666665,20.0,0.30916666666666665,1,0,normal,0
i-00dfb80a59da9a56d,2026-03-31 18:58:00,0.4248847777056193,20.0,0.29741934439393347,1,0,normal,0
i-00dfb80a59da9a56d,2026-03-31 18:59:00,0.44377409756683517,20.0,0.3106418682967846,1,0,normal,0
i-00dfb80a59da9a56d,2026-03-31 19:02:00,0.45393867361608353,20.0,0.31775707153125843,1,0,normal,0
i-00dfb80a59da9a56d,2026-03-31 19:03:00,0.4638793341592113,20.0,0.32471553391144786,1,0,normal,0
i-00dfb80a59da9a56d,2026-03-31 19:04:00,0.44790950061940843,20.0,0.31353665043358586,1,0,normal,0
i-00dfb80a59da9a56d,2026-03-31 19:05:00,0.4549942671621935,20.0,0.31849598701353543,1,0,normal,0
i-00dfb80a59da9a56d,2026-03-31 19:06:00,0.39999999999999997,20.0,0.27999999999999997,1,0,normal,0
i-00dfb80a59da9a56d,2026-03-31 19:07:00,0.4541666666666666,20.0,0.3179166666666666,1,0,normal,0
i-00dfb80a59da9a56d,2026-03-31 19:08:00,0.4332181110389526,20.0,0.3032526777272668,1,0,normal,0
i-00dfb80a59da9a56d,2026-03-31 19:10:00,0.4458537470905811,20.0,0.31209762296340676,1,0,normal,0
i-00dfb80a59da9a56d,2026-03-31 19:11:00,0.517114832855141,20.0,0.3619803829985987,1,0,normal,0
i-00dfb80a59da9a56d,2026-03-31 19:12:00,0.45838090567873196,20.0,0.32086663397511234,1,0,normal,0
i-00dfb80a59da9a56d,2026-03-31 19:13:00,0.46962105585181285,20.0,0.328734739096269,1,0,normal,0
i-00dfb80a59da9a56d,2026-03-31 19:14:00,0.4500460418347408,20.0,0.3150322292843185,1,0,normal,0
i-00dfb80a59da9a56d,2026-03-31 19:15:00,0.4584571047073876,20.0,0.3209199732951713,1,0,normal,0
i-00dfb80a59da9a56d,2026-03-31 19:16:00,0.40833333333333327,20.0,0.2858333333333333,1,0,normal,0
i-00dfb80a59da9a56d,2026-03-31 19:17:00,0.4539501876151779,20.0,0.3177651313306245,1,0,normal,0
i-00dfb80a59da9a56d,2026-03-31 19:19:00,0.44583216899481365,20.0,0.3120825182963695,1,0,normal,0
i-00dfb80a59da9a56d,2026-03-31 19:20:00,0.43659513089631546,20.0,0.30561659162742083,1,0,normal,0
i-00dfb80a59da9a56d,2026-03-31 19:21:00,0.508782758102991,20.0,0.35614793067209366,1,0,normal,0
i-00dfb80a59da9a56d,2026-03-31 19:22:00,0.4500518789432578,20.0,0.3150363152602805,1,0,normal,0
i-00dfb80a59da9a56d,2026-03-31 19:23:00,0.46684860501233283,20.0,0.32679402350863296,1,0,normal,0
i-00dfb80a59da9a56d,2026-03-31 19:24:00,0.45212969306452994,20.0,0.3164907851451709,1,0,normal,0
i-00dfb80a59da9a56d,2026-03-31 19:25:00,0.461703754451624,20.0,0.32319262811613675,1,0,normal,0
i-00dfb80a59da9a56d,2026-03-31 19:27:00,0.42916666666666664,20.0,0.3004166666666666,1,0,normal,0
i-00dfb80a59da9a56d,2026-03-31 19:28:00,0.4167820927004038,20.0,0.29174746489028264,1,0,normal,0
i-00dfb80a59da9a56d,2026-03-31 19:29:00,0.4355032361919695,20.0,0.30485226533437865,1,0,normal,0
i-00dfb80a59da9a56d,2026-03-31 19:30:00,0.42666678891028054,20.0,0.29866675223719635,1,0,normal,0
i-00dfb80a59da9a56d,2026-03-31 19:31:00,0.5171234590554991,20.0,0.36198642133884934,1,0,normal,0
i-00dfb80a59da9a56d,2026-03-31 19:32:00,0.45439506286108283,20.0,0.318076544002758,1,0,normal,0
i-00dfb80a59da9a56d,2026-03-31 19:33:00,0.466674290043757,20.0,0.3266720030306299,1,0,normal,0
i-00dfb80a59da9a56d,2026-03-31 19:34:00,0.4479223841994844,20.0,0.31354566893963903,1,0,normal,0
i-00dfb80a59da9a56d,2026-03-31 19:36:00,0.3916666666666666,20.0,0.2741666666666666,1,0,normal,0
i-00dfb80a59da9a56d,2026-03-31 19:37:00,0.4458333333333333,20.0,0.31208333333333327,1,0,normal,0
i-00dfb80a59da9a56d,2026-03-31 19:38:00,0.42766472760644475,20.0,0.29936530932451133,1,0,normal,0
i-00dfb80a59da9a56d,2026-03-31 19:39:00,0.4437718325534357,20.0,0.31064028278740496,1,0,normal,0
i-00dfb80a59da9a56d,2026-03-31 19:40:00,0.43335079937608184,20.0,0.30334555956325726,1,0,normal,0
i-00dfb80a59da9a56d,2026-03-31 19:41:00,0.5,20.0,0.35,1,0,normal,0
i-00dfb80a59da9a56d,2026-03-31 19:42:00,0.44999999999999996,20.0,0.31499999999999995,1,0,normal,0
i-00dfb80a59da9a56d,2026-03-31 19:43:00,0.4666666666666666,20.0,0.3266666666666666,1,0,normal,0
i-00dfb80a59da9a56d,2026-03-31 19:45:00,0.44366726058648187,20.0,0.31056708241053727,1,0,normal,0
i-00dfb80a59da9a56d,2026-03-31 19:46:00,0.3833333333333333,20.0,0.2683333333333333,1,0,normal,0
i-00dfb80a59da9a56d,2026-03-31 19:47:00,0.4458333333333333,20.0,0.31208333333333327,1,0,normal,0
i-00dfb80a59da9a56d,2026-03-31 19:48:00,0.42777777777777776,20.0,0.2994444444444444,1,0,normal,0
i-00dfb80a59da9a56d,2026-03-31 19:49:00,0.44156203512511377,20.0,0.3090934245875796,1,0,normal,0
i-00dfb80a59da9a56d,2026-03-31 19:50:00,0.428249628100091,20.0,0.2997747396700637,1,0,normal,0
i-00dfb80a59da9a56d,2026-03-31 19:51:00,0.4754120237539201,20.0,0.33278841662774405,1,0,normal,0
i-00dfb80a59da9a56d,2026-03-31 19:52:00,0.44585894600071946,20.0,0.3121012622005036,1,0,normal,0
i-00dfb80a59da9a56d,2026-03-31 19:54:00,0.44377936401948154,20.0,0.31064555481363704,1,0,normal,0
i-00dfb80a59da9a56d,2026-03-31 19:55:00,0.4534437624551802,20.0,0.3174106337186261,1,0,normal,0
i-00dfb80a59da9a56d,2026-03-31 19:56:00,0.3830013987877173,20.0,0.2681009791514021,1,0,normal,0
i-00dfb80a59da9a56d,2026-03-31 19:57:00,0.4415006993938586,20.0,0.309050489575701,1,0,normal,0
i-00dfb80a59da9a56d,2026-03-31 19:58:00,0.4277827887198131,20.0,0.29944795210386915,1,0,normal,0
i-00dfb80a59da9a56d,2026-03-31 19:59:00,0.4437537582065265,20.0,0.31062763074456856,1,0,normal,0
i-00dfb80a59da9a56d,2026-03-31 20:00:00,0.43326850979575476,20.0,0.3032879568570283,1,0,normal,0
i-00dfb80a59da9a56d,2026-03-31 20:02:00,0.5087742710348969,20.0,0.35614198972442784,1,0,normal,0
i-00dfb80a59da9a56d,2026-03-31 20:03:00,0.4584803125671879,20.0,0.3209362187970315,1,0,normal,0
i-00dfb80a59da9a56d,2026-03-31 20:04:00,0.4417769010920576,20.0,0.3092438307644403,1,0,normal,0
i-00dfb80a59da9a56d,2026-03-31 20:05:00,0.4517548542069794,20.0,0.31622839794488555,1,0,normal,0
i-00dfb80a59da9a56d,2026-03-31 20:06:00,0.3829950210647261,20.0,0.26809651474530827,1,0,normal,0
i-00dfb80a59da9a56d,2026-03-31 20:07:00,0.4498308438656964,20.0,0.3148815907059874,1,0,normal,0
i-00dfb80a59da9a56d,2026-03-31 20:08:00,0.4305582108330903,20.0,0.3013907475831632,1,0,normal,0
i-00dfb80a59da9a56d,2026-03-31 20:09:00,0.4437519914581511,20.0,0.31062639402070574,1,0,normal,0
i-00dfb80a59da9a56d,2026-03-31 20:12:00,0.4499488233072901,20.0,0.31496417631510304,1,0,normal,0
i-00dfb80a59da9a56d,2026-03-31 20:13:00,0.46371285704888415,20.0,0.32459899993421887,1,0,normal,0
i-00dfb80a59da9a56d,2026-03-31 20:14:00,0.44787138462959364,20.0,0.3135099692407155,1,0,normal,0
i-00dfb80a59da9a56d,2026-03-31 20:15:00,0.4549637743703416,20.0,0.3184746420592391,1,0,normal,0
i-00dfb80a59da9a56d,2026-03-31 20:16:00,0.39999999999999997,20.0,0.27999999999999997,1,0,normal,0
i-00dfb80a59da9a56d,2026-03-31 20:17:00,0.44999999999999996,20.0,0.31499999999999995,1,0,normal,0
i-00dfb80a59da9a56d,2026-03-31 20:19:00,0.4333333333333333,20.0,0.3033333333333333,1,0,normal,0
i-00dfb80a59da9a56d,2026-03-31 20:20:00,0.43999999999999995,20.0,0.30799999999999994,1,0,normal,0
i-00dfb80a59da9a56d,2026-03-31 20:21:00,0.5,20.0,0.35,1,0,normal,0
i-00dfb80a59da9a56d,2026-03-31 20:22:00,0.44999999999999996,20.0,0.31499999999999995,1,0,normal,0
i-00dfb80a59da9a56d,2026-03-31 20:23:00,0.4666666666666666,20.0,0.3266666666666666,1,0,normal,0
i-00dfb80a59da9a56d,2026-03-31 20:24:00,0.44999999999999996,20.0,0.31499999999999995,1,0,normal,0
i-00dfb80a59da9a56d,2026-03-31 20:25:00,0.45999999999999996,20.0,0.32199999999999995,1,0,normal,0
i-00dfb80a59da9a56d,2026-03-31 20:26:00,0.3913209997835246,20.0,0.2739246998484672,1,0,normal,0
i-00dfb80a59da9a56d,2026-03-31 20:28:00,0.43046510440087354,20.0,0.3013255730806115,1,0,normal,0
i-00dfb80a59da9a56d,2026-03-31 20:29:00,0.4436821616339885,20.0,0.31057751314379195,1,0,normal,0
i-00dfb80a59da9a56d,2026-03-31 20:30:00,0.435016458451268,20.0,0.30451152091588757,1,0,normal,0
i-00dfb80a59da9a56d,2026-03-31 20:31:00,0.507884701846702,20.0,0.3555192912926914,1,0,normal,0
i-00dfb80a59da9a56d,2026-03-31 20:32:00,0.45411917378354416,20.0,0.3178834216484809,1,0,normal,0
i-00dfb80a59da9a56d,2026-03-31 20:33:00,0.48885722696680717,20.0,0.342200058876765,1,0,normal,0
i-00dfb80a59da9a56d,2026-03-31 20:34:00,0.46655632860450985,20.0,0.3265894300231569,1,0,normal,0
i-00dfb80a59da9a56d,2026-03-31 20:36:00,0.39200640555147787,20.0,0.2744044838860345,1,0,normal,0
i-00dfb80a59da9a56d,2026-03-31 20:37:00,0.44183653610907225,20.0,0.30928557527635053,1,0,normal,0
i-00dfb80a59da9a56d,2026-03-31 20:38:00,0.43066880185049256,20.0,0.30146816129534476,1,0,normal,0
i-00dfb80a59da9a56d,2026-03-31 20:39:00,0.4437282928104461,20.0,0.3106098049673123,1,0,normal,0
i-00dfb80a59da9a56d,2026-03-31 20:40:00,0.43505336339243417,20.0,0.3045373543747039,1,0,normal,0
i-00dfb80a59da9a56d,2026-03-31 20:41:00,0.5,20.0,0.35,1,0,normal,0
i-00dfb80a59da9a56d,2026-03-31 20:42:00,0.4458333333333333,20.0,0.31208333333333327,1,0,normal,0
i-00dfb80a59da9a56d,2026-03-31 20:43:00,0.4637417965981901,20.0,0.32461925761873306,1,0,normal,0
i-00dfb80a59da9a56d,2026-03-31 20:45:00,0.45998247376965795,20.0,0.32198773163876054,1,0,normal,0
i-00dfb80a59da9a56d,2026-03-31 20:46:00,0.3913144836313983,20.0,0.2739201385419788,1,0,normal,0
i-00dfb80a59da9a56d,2026-03-31 20:47:00,0.43732793632727435,20.0,0.30612955542909204,1,0,normal,0
i-00dfb80a59da9a56d,2026-03-31 20:48:00,0.4276630686626273,20.0,0.2993641480638391,1,0,normal,0
i-00dfb80a59da9a56d,2026-03-31 20:49:00,0.4458578157845912,20.0,0.31210047104921385,1,0,normal,0
i-00dfb80a59da9a56d,2026-03-31 20:50:00,0.4316862526276729,20.0,0.302180376839371,1,0,normal,0
i-00dfb80a59da9a56d,2026-03-31 20:51:00,0.5083333333333333,20.0,0.3558333333333333,1,0,normal,0
i-00dfb80a59da9a56d,2026-03-31 20:52:00,0.44999999999999996,20.0,0.31499999999999995,1,0,normal,0
i-00dfb80a59da9a56d,2026-03-31 20:54:00,0.44999999999999996,20.0,0.31499999999999995,1,0,normal,0
i-00dfb80a59da9a56d,2026-03-31 20:55:00,0.458246548881821,20.0,0.32077258421727467,1,0,normal,0
i-00dfb80a59da9a56d,2026-03-31 20:56:00,0.4003536457203863,20.0,0.2802475520042704,1,0,normal,0
i-00dfb80a59da9a56d,2026-03-31 20:57:00,0.44601015619352646,20.0,0.3122071093354685,1,0,normal,0
i-00dfb80a59da9a56d,2026-03-31 20:58:00,0.4305557636297919,20.0,0.3013890345408543,1,0,normal,0
i-00dfb80a59da9a56d,2026-03-31 20:59:00,0.44594216177183765,20.0,0.31215951324028635,1,0,normal,0
i-00dfb80a59da9a56d,2026-03-31 21:00:00,0.4350192326480037,20.0,0.30451346285360253,1,0,normal,0
i-00dfb80a59da9a56d,2026-03-31 21:02:00,0.45438713551744847,20.0,0.3180709948622139,1,0,normal,0
i-00dfb80a59da9a56d,2026-03-31 21:03:00,0.46403586812274344,20.0,0.3248251076859204,1,0,normal,0
i-00dfb80a59da9a56d,2026-03-31 21:04:00,0.4501102344253909,20.0,0.3150771640977736,1,0,normal,0
i-00dfb80a59da9a56d,2026-03-31 21:05:00,0.45675485420697937,20.0,0.31972839794488556,1,0,normal,0
i-00dfb80a59da9a56d,2026-03-31 21:06:00,0.3916666666666666,20.0,0.2741666666666666,1,0,normal,0
i-00dfb80a59da9a56d,2026-03-31 21:07:00,0.4416666666666666,20.0,0.3091666666666666,1,0,normal,0
i-00dfb80a59da9a56d,2026-03-31 21:08:00,0.425,20.0,0.2975,1,0,normal,0
i-00dfb80a59da9a56d,2026-03-31 21:09:00,0.44375,20.0,0.310625,1,0,normal,0
i-00dfb80a59da9a56d,2026-03-31 21:11:00,0.5,20.0,0.35,1,0,normal,0
i-00dfb80a59da9a56d,2026-03-31 21:12:00,0.4458333333333333,20.0,0.31208333333333327,1,0,normal,0
i-00dfb80a59da9a56d,2026-03-31 21:13:00,0.4637417965981901,20.0,0.32461925761873306,1,0,normal,0
i-00dfb80a59da9a56d,2026-03-31 21:14:00,0.4498896807819759,20.0,0.3149227765473831,1,0,normal,0
i-00dfb80a59da9a56d,2026-03-31 21:15:00,0.4566638756746741,20.0,0.31966471297227184,1,0,normal,0
i-00dfb80a59da9a56d,2026-03-31 21:16:00,0.39999999999999997,20.0,0.27999999999999997,1,0,normal,0
i-00dfb80a59da9a56d,2026-03-31 21:17:00,0.44166666666666665,20.0,0.30916666666666665,1,0,normal,0
i-00dfb80a59da9a56d,2026-03-31 21:18:00,0.425,20.0,0.2975,1,0,normal,0
i-00dfb80a59da9a56d,2026-03-31 21:20:00,0.4458333333333333,20.0,0.31208333333333327,1,0,normal,0
i-00dfb80a59da9a56d,2026-03-31 21:21:00,0.5,20.0,0.35,1,0,normal,0
i-00dfb80a59da9a56d,2026-03-31 21:22:00,0.4456637580763338,20.0,0.31196463065343366,1,0,normal,0
i-00dfb80a59da9a56d,2026-03-31 21:23:00,0.4611402211823587,20.0,0.32279815482765106,1,0,normal,0
i-00dfb80a59da9a56d,2026-03-31 21:24:00,0.4479384992201023,20.0,0.3135569494540716,1,0,normal,0
i-00dfb80a59da9a56d,2026-03-31 21:25:00,0.4566841327094152,20.0,0.3196788928965906,1,0,normal,0
i-00dfb80a59da9a56d,2026-03-31 21:26:00,0.3833333333333333,20.0,0.2683333333333333,1,0,normal,0
i-00dfb80a59da9a56d,2026-03-31 21:28:00,0.43749999999999994,20.0,0.30624999999999997,1,0,normal,0
i-00dfb80a59da9a56d,2026-03-31 21:29:00,0.44169076423350184,20.0,0.30918353496345125,1,0,normal,0
i-00dfb80a59da9a56d,2026-03-31 21:30:00,0.43328200708726605,20.0,0.3032974049610862,1,0,normal,0
i-00dfb80a59da9a56d,2026-03-31 21:31:00,0.508782758102991,20.0,0.35614793067209366,1,0,normal,0
i-00dfb80a59da9a56d,2026-03-31 21:32:00,0.44589207844535417,20.0,0.3121244549117479,1,0,normal,0
i-00dfb80a59da9a56d,2026-03-31 21:33:00,0.4612924347617056,20.0,0.3229047043331939,1,0,normal,0
i-00dfb80a59da9a56d,2026-03-31 21:34:00,0.45004406005625913,20.0,0.31503084203938136,1,0,normal,0
i-00dfb80a59da9a56d,2026-03-31 21:35:00,0.45845551928460226,20.0,0.32091886349922155,1,0,normal,0
i-00dfb80a59da9a56d,2026-03-31 21:37:00,0.4416666666666666,20.0,0.3091666666666666,1,0,normal,0
i-00dfb80a59da9a56d,2026-03-31 21:38:00,0.42777777777777776,20.0,0.2994444444444444,1,0,normal,0
i-00dfb80a59da9a56d,2026-03-31 21:39:00,0.4458333333333333,20.0,0.31208333333333327,1,0,normal,0
i-00dfb80a59da9a56d,2026-03-31 21:40:00,0.4383333333333333,20.0,0.3068333333333333,1,0,normal,0
i-00dfb80a59da9a56d,2026-03-31 21:41:00,0.5,20.0,0.35,1,0,normal,0
i-00dfb80a59da9a56d,2026-03-31 21:42:00,0.44566049989176226,20.0,0.31196234992423355,1,0,normal,0
i-00dfb80a59da9a56d,2026-03-31 21:43:00,0.4639210189780025,20.0,0.3247447132846017,1,0,normal,0
i-00dfb80a59da9a56d,2026-03-31 21:44:00,0.45002409756683515,20.0,0.3150168682967846,1,0,normal,0
i-00dfb80a59da9a56d,2026-03-31 21:46:00,0.3916666666666666,20.0,0.2741666666666666,1,0,normal,0
i-00dfb80a59da9a56d,2026-03-31 21:47:00,0.44583750006944556,20.0,0.31208625004861185,1,0,normal,0
i-00dfb80a59da9a56d,2026-03-31 21:48:00,0.4250027778240748,20.0,0.29750194447685235,1,0,normal,0
i-00dfb80a59da9a56d,2026-03-31 21:49:00,0.4438605106717193,20.0,0.31070235747020347,1,0,normal,0
i-00dfb80a59da9a56d,2026-03-31 21:50:00,0.4350884085373754,20.0,0.30456188597616274,1,0,normal,0
i-00dfb80a59da9a56d,2026-03-31 21:51:00,0.507884701846702,20.0,0.3555192912926914,1,0,normal,0
i-00dfb80a59da9a56d,2026-03-31 21:52:00,0.45411917378354416,20.0,0.3178834216484809,1,0,normal,0
i-00dfb80a59da9a56d,2026-03-31 21:54:00,0.46649036399206456,20.0,0.3265432547944452,1,0,normal,0
i-00dfb80a59da9a56d,2026-03-31 21:55:00,0.4616507700158369,20.0,0.3231555390110858,1,0,normal,0
i-00dfb80a59da9a56d,2026-03-31 21:56:00,0.3913275161526676,20.0,0.2739292613068673,1,0,normal,0
i-00dfb80a59da9a56d,2026-03-31 21:57:00,0.4414970914096671,20.0,0.3090479639867669,1,0,normal,0
i-00dfb80a59da9a56d,2026-03-31 21:58:00,0.425000196123604,20.0,0.2975001372865228,1,0,normal,0
i-00dfb80a59da9a56d,2026-03-31 21:59:00,0.44166681375936967,20.0,0.30916676963155876,1,0,normal,0
i-00dfb80a59da9a56d,2026-03-31 22:00:00,0.43326284670796034,20.0,0.3032839926955722,1,0,normal,0
i-00dfb80a59da9a56d,2026-03-31 22:01:00,0.5171234590554991,20.0,0.36198642133884934,1,0,normal,0
i-00dfb80a59da9a56d,2026-03-31 22:03:00,0.46670370850189674,20.0,0.3266925959513277,1,0,normal,0
i-00dfb80a59da9a56d,2026-03-31 22:04:00,0.45211111470975585,20.0,0.31647778029682905,1,0,normal,0
i-00dfb80a59da9a56d,2026-03-31 22:05:00,0.4617773031979013,20.0,0.3232441122385309,1,0,normal,0
i-00dfb80a59da9a56d,2026-03-31 22:06:00,0.40795937057697107,20.0,0.28557155940387974,1,0,normal,0
i-00dfb80a59da9a56d,2026-03-31 22:07:00,0.454209062217337,20.0,0.31794634355213586,1,0,normal,0
i-00dfb80a59da9a56d,2026-03-31 22:08:00,0.43324637473939953,20.0,0.30327246231757965,1,0,normal,0
i-00dfb80a59da9a56d,2026-03-31 22:09:00,0.44796012010404335,20.0,0.3135720840728303,1,0,normal,0
i-00dfb80a59da9a56d,2026-03-31 22:11:00,0.5087742710348969,20.0,0.35614198972442784,1,0,normal,0
i-00dfb80a59da9a56d,2026-03-31 22:12:00,0.4625366034874083,20.0,0.3237756224411858,1,0,normal,0
i-00dfb80a59da9a56d,2026-03-31 22:13:00,0.47239152105759713,20.0,0.33067406474031796,1,0,normal,0
i-00dfb80a59da9a56d,2026-03-31 22:14:00,0.4522103074598645,20.0,0.31654721522190515,1,0,normal,0
i-00dfb80a59da9a56d,2026-03-31 22:15:00,0.4616816543472961,20.0,0.32317715804310726,1,0,normal,0
i-00dfb80a59da9a56d,2026-03-31 22:16:00,0.4003469673717221,20.0,0.28024287716020546,1,0,normal,0
i-00dfb80a59da9a56d,2026-03-31 22:17:00,0.4460068170191943,20.0,0.312204771913436,1,0,normal,0
i-00dfb80a59da9a56d,2026-03-31 22:18:00,0.42789343356835174,20.0,0.2995254034978462,1,0,normal,0
i-00dfb80a59da9a56d,2026-03-31 22:20:00,0.4458118356505194,20.0,0.31206828495536354,1,0,normal,0
i-00dfb80a59da9a56d,2026-03-31 22:21:00,0.5083333333333333,20.0,0.3558333333333333,1,0,normal,0
i-00dfb80a59da9a56d,2026-03-31 22:22:00,0.45851043126264984,20.0,0.32095730188385485,1,0,normal,0
i-00dfb80a59da9a56d,2026-03-31 22:23:00,0.4667847319528777,20.0,0.3267493123670144,1,0,normal,0
i-00dfb80a59da9a56d,2026-03-31 22:24:00,0.44583889866158755,20.0,0.31208722906311126,1,0,normal,0
i-00dfb80a59da9a56d,2026-03-31 22:25:00,0.45842597313624944,20.0,0.3208981811953746,1,0,normal,0
i-00dfb80a59da9a56d,2026-03-31 22:26:00,0.40833333333333327,20.0,0.2858333333333333,1,0,normal,0
i-00dfb80a59da9a56d,2026-03-31 22:28:00,0.4414570601524209,20.0,0.30901994210669465,1,0,normal,0
i-00dfb80a59da9a56d,2026-03-31 22:29:00,0.44373176626818,20.0,0.310612236387726,1,0,normal,0
i-00dfb80a59da9a56d,2026-03-31 22:30:00,0.43165207968121067,20.0,0.30215645577684747,1,0,normal,0
i-00dfb80a59da9a56d,2026-03-31 22:31:00,0.525,20.0,0.3675,1,0,normal,0
i-00dfb80a59da9a56d,2026-03-31 22:32:00,0.4625,20.0,0.32375,1,0,normal,0
i-00dfb80a59da9a56d,2026-03-31 22:33:00,0.46930225523010227,20.0,0.32851157866107156,1,0,normal,0
i-00dfb80a59da9a56d,2026-03-31 22:34:00,0.44789475237641924,20.0,0.31352632666349345,1,0,normal,0
i-00dfb80a59da9a56d,2026-03-31 22:35:00,0.4599824685678021,20.0,0.32198772799746145,1,0,normal,0
i-00dfb80a59da9a56d,2026-03-31 22:37:00,0.4456204622660361,20.0,0.31193432358622525,1,0,normal,0
i-00dfb80a59da9a56d,2026-03-31 22:38:00,0.42218873548102054,20.0,0.2955321148367144,1,0,normal,0
i-00dfb80a59da9a56d,2026-03-31 22:39:00,0.4332071947200707,20.0,0.3032450363040495,1,0,normal,0
i-00dfb80a59da9a56d,2026-03-31 22:40:00,0.4249670368863521,20.0,0.2974769258204465,1,0,normal,0
i-00dfb80a59da9a56d,2026-03-31 22:41:00,0.5166666666666667,20.0,0.3616666666666667,1,0,normal,0
i-00dfb80a59da9a56d,2026-03-31 22:42:00,0.45399709140966715,20.0,0.31779796398676696,1,0,normal,0
i-00dfb80a59da9a56d,2026-03-31 22:43:00,0.469475964011329,20.0,0.3286331748079303,1,0,normal,0
i-00dfb80a59da9a56d,2026-03-31 22:45:00,0.44670159124104697,20.0,0.3126911138687329,1,0,normal,0
i-00dfb80a59da9a56d,2026-03-31 22:46:00,0.40833333333333327,20.0,0.2858333333333333,1,0,normal,0
i-00dfb80a59da9a56d,2026-03-31 22:47:00,0.44978712893270273,20.0,0.31485099025289187,1,0,normal,0
i-00dfb80a59da9a56d,2026-03-31 22:48:00,0.42485808595513513,20.0,0.29740066016859457,1,0,normal,0
i-00dfb80a59da9a56d,2026-03-31 22:49:00,0.44364356446635134,20.0,0.3105504951264459,1,0,normal,0
i-00dfb80a59da9a56d,2026-03-31 22:50:00,0.42997990795527896,20.0,0.30098593556869524,1,0,normal,0
i-00dfb80a59da9a56d,2026-03-31 22:52:00,0.4912409245320722,20.0,0.3438686471724505,1,0,normal,0
i-00dfb80a59da9a56d,2026-03-31 22:53:00,0.45816275153854075,20.0,0.3207139260769785,1,0,normal,0
i-00dfb80a59da9a56d,2026-03-31 22:54:00,0.439538524586714,20.0,0.30767696721069976,1,0,normal,0
i-00dfb80a59da9a56d,2026-03-31 22:55:00,0.45163081966937124,20.0,0.31614157376855984,1,0,normal,0
i-00dfb80a59da9a56d,2026-03-31 22:56:00,0.399653633517618,20.0,0.2797575434623326,1,0,normal,0
i-00dfb80a59da9a56d,2026-03-31 22:57:00,0.4456601500921423,20.0,0.3119621050644996,1,0,normal,0
i-00dfb80a59da9a56d,2026-03-31 22:58:00,0.4276601463939893,20.0,0.2993621024757925,1,0,normal,0
i-00dfb80a59da9a56d,2026-03-31 22:59:00,0.4437704488449857,20.0,0.31063931419148993,1,0,normal,0
i-00dfb80a59da9a56d,2026-03-31 23:01:00,0.5333333333333333,20.0,0.3733333333333333,1,0,normal,0
i-00dfb80a59da9a56d,2026-03-31 23:02:00,0.46249999999999997,20.0,0.32375,1,0,normal,0
i-00dfb80a59da9a56d,2026-04-01 04:02:00,0.4498271665584289,20.0,0.31487901659090023,2,0,normal,0
i-00dfb80a59da9a56d,2026-04-01 04:30:00,0.44007530056940347,20.0,0.3080527103985824,2,0,normal,0
i-00dfb80a59da9a56d,2026-04-01 04:32:00,0.5333333333333333,20.0,0.3733333333333333,2,0,normal,0
i-00dfb80a59da9a56d,2026-04-01 04:33:00,34.70118798897529,20.0,24.290831592282704,2,0,normal,0
i-00dfb80a59da9a56d,2026-04-01 04:34:00,51.02589099173147,20.0,35.718123694212025,2,0,normal,0
i-00dfb80a59da9a56d,2026-04-01 04:35:00,60.82071279338518,20.0,42.57449895536962,2,0,normal,0
i-00dfb80a59da9a56d,2026-04-01 04:36:00,9.633157377649741,24.0,23.65,2,0,normal,0
i-00dfb80a59da9a56d,2026-04-01 04:37:00,54.09157868882487,24.0,64.88,2,0,normal,0
i-00dfb80a59da9a56d,2026-04-01 04:38:00,69.39438579254991,24.0,50.78,2,0,normal,0
i-00dfb80a59da9a56d,2026-04-01 04:40:00,77.0432893860784,24.0,64.98,2,0,normal,0
i-00dfb80a59da9a56d,2026-04-01 04:41:00,99.99166666666666,24.0,67.35,2,1,critical,0
i-00dfb80a59da9a56d,2026-04-01 04:42:00,76.18979856346722,24.0,22.74,2,0,normal,0
i-00dfb80a59da9a56d,2026-04-01 04:43:00,83.83572478684563,24.0,23.35,2,1,warning,0
i-00dfb80a59da9a56d,2026-04-01 04:44:00,87.86637692346756,24.0,23.58,2,1,warning,0
i-00dfb80a59da9a56d,2026-04-01 04:45:00,90.28476820544071,24.0,24.04,2,1,warning,0
i-00dfb80a59da9a56d,2026-04-01 04:46:00,14.433333333333334,20.0,10.103333333333333,2,0,normal,0
i-00dfb80a59da9a56d,2026-04-01 04:47:00,,49.0,22.44,2,0,normal,0
i-00dfb80a59da9a56d,2026-04-01 04:48:00,13.495833333333334,49.0,22.42,2,0,normal,0
i-00dfb80a59da9a56d,2026-04-01 04:49:00,34.32674002031621,49.0,69.91,2,0,normal,0
i-00dfb80a59da9a56d,2026-04-01 04:50:00,47.46039289880671,49.0,76.0,2,0,normal,0
i-00dfb80a59da9a56d,2026-04-01 04:51:00,100.0,49.0,70.17,2,1,critical,0
i-00dfb80a59da9a56d,2026-04-01 04:52:00,99.99583333333334,37.0,70.03,2,1,critical,0
i-00dfb80a59da9a56d,2026-04-01 04:53:00,99.99722222222222,37.0,70.16,2,1,critical,0
i-00dfb80a59da9a56d,2026-04-01 04:54:00,76.30321459153488,24.0,22.16,2,0,normal,0
i-00dfb80a59da9a56d,2026-04-01 04:57:00,99.998334776527,24.0,23.66,2,1,critical,0
i-00dfb80a59da9a56d,2026-04-01 04:58:00,99.99722173865395,24.0,23.18,2,1,critical,0
i-00dfb80a59da9a56d,2026-04-01 04:59:00,99.99791630399046,24.0,23.69,2,1,critical,0
i-00dfb80a59da9a56d,2026-04-01 05:00:00,94.92818774818178,24.0,23.52,2,1,warning,0
i-00dfb80a59da9a56d,2026-04-01 05:01:00,2.1314505520123888,24.0,24.2,2,0,normal,0
i-00dfb80a59da9a56d,2026-04-01 05:02:00,2.178225276006194,24.0,24.24,2,0,normal,0
i-00dfb80a59da9a56d,2026-04-01 05:03:00,2.182705739559685,20.0,1.5278940176917795,2,0,normal,0
i-00dfb80a59da9a56d,2026-04-01 05:04:00,,24.0,23.01,2,0,normal,0
i-00dfb80a59da9a56d,2026-04-01 05:05:00,3.9899048867882847,24.0,22.97,2,0,normal,0
i-00dfb80a59da9a56d,2026-04-01 05:06:00,100.0,24.0,22.91,2,1,critical,0
i-00dfb80a59da9a56d,2026-04-01 05:07:00,99.99583333333334,24.0,23.33,2,1,critical,0
i-00dfb80a59da9a56d,2026-04-01 05:08:00,99.99722222222222,24.0,22.95,2,1,critical,0
i-00dfb80a59da9a56d,2026-04-01 05:09:00,99.99666776985885,24.0,22.95,2,1,critical,0
i-00dfb80a59da9a56d,2026-04-01 05:10:00,99.99666695981088,24.0,23.23,2,1,critical,0
i-00dfb80a59da9a56d,2026-04-01 05:11:00,100.0,20.0,70.0,2,1,critical,0
i-00dfb80a59da9a56d,2026-04-01 05:12:00,,24.0,23.93,2,0,normal,0
i-00dfb80a59da9a56d,2026-04-01 05:13:00,99.99388338393443,24.0,23.45,2,1,critical,0
i-00dfb80a59da9a56d,2026-04-01 05:14:00,99.99541253795083,24.0,23.3,2,1,critical,0
i-00dfb80a59da9a56d,2026-04-01 05:15:00,97.894663363694,24.0,22.95,2,1,critical,0
i-00dfb80a59da9a56d,2026-04-01 05:16:00,2.12312457329359,24.0,23.84,2,0,normal,0
i-00dfb80a59da9a56d,2026-04-01 05:17:00,2.1541941114253493,24.0,26.08,2,0,normal,0
i-00dfb80a59da9a56d,2026-04-01 05:18:00,2.1416849631724553,24.0,23.67,2,0,normal,0
i-00dfb80a59da9a56d,2026-04-01 05:19:00,2.157868997807304,20.0,1.5105082984651128,2,0,normal,0
i-00dfb80a59da9a56d,2026-04-01 05:20:00,,24.0,24.21,2,0,normal,0
i-00dfb80a59da9a56d,2026-04-01 05:21:00,2.233333333333333,24.0,24.05,2,0,normal,0
i-00dfb80a59da9a56d,2026-04-01 05:22:00,2.1657050481503064,24.0,24.19,2,0,normal,0
i-00dfb80a59da9a56d,2026-04-01 05:23:00,2.172236733242343,24.0,24.48,2,0,normal,0
i-00dfb80a59da9a56d,2026-04-01 05:24:00,2.1537142092160564,24.0,22.89,2,0,normal,0
i-00dfb80a59da9a56d,2026-04-01 05:25:00,2.17131217305294,24.0,23.11,2,0,normal,0
i-00dfb80a59da9a56d,2026-04-01 05:26:00,93.94131482809814,24.0,72.32,2,1,warning,0
i-00dfb80a59da9a56d,2026-04-01 05:27:00,96.97065741404907,20.0,67.87946018983435,2,1,critical,0
i-00dfb80a59da9a56d,2026-04-01 05:28:00,,24.0,70.15,2,0,normal,0
i-00dfb80a59da9a56d,2026-04-01 05:29:00,98.4828264549977,24.0,71.3,2,1,critical,0
i-00dfb80a59da9a56d,2026-04-01 05:30:00,98.78626116399816,24.0,70.29,2,1,critical,0
i-00dfb80a59da9a56d,2026-04-01 05:31:00,8.408473474557908,24.0,22.6,2,0,normal,0
i-00dfb80a59da9a56d,2026-04-01 05:32:00,5.333403403945621,24.0,22.91,2,0,normal,0
i-00dfb80a59da9a56d,2026-04-01 05:33:00,4.300704887721133,24.0,23.85,2,0,normal,0
i-00dfb80a59da9a56d,2026-04-01 05:34:00,3.7567786657908497,24.0,22.79,2,0,normal,0
i-00dfb80a59da9a56d,2026-04-01 05:35:00,3.4466998047289947,24.0,22.97,2,0,normal,0
i-00dfb80a59da9a56d,2026-04-01 05:37:00,2.1509320038256017,24.0,23.91,2,0,normal,0
i-00dfb80a59da9a56d,2026-04-01 05:38:00,2.133954669217068,24.0,22.04,2,0,normal,0
i-00dfb80a59da9a56d,2026-04-01 05:39:00,2.158297287089475,24.0,24.39,2,0,normal,0
i-00dfb80a59da9a56d,2026-04-01 05:40:00,2.152020674231684,24.0,23.42,2,0,normal,0
i-00dfb80a59da9a56d,2026-04-01 05:41:00,2.1980583817627766,24.0,23.55,2,0,normal,0
i-00dfb80a59da9a56d,2026-04-01 05:42:00,2.1615291908813883,24.0,23.37,2,0,normal,0
i-00dfb80a59da9a56d,2026-04-01 05:43:00,2.1916825463133165,24.0,23.6,2,0,normal,0
i-00dfb80a59da9a56d,2026-04-01 05:45:00,2.1996123786031037,24.0,21.95,2,0,normal,0
i-00dfb80a59da9a56d,2026-04-01 05:46:00,1.0092248152534737,24.0,23.85,2,0,normal,0
i-00dfb80a59da9a56d,2026-04-01 05:47:00,1.3462790742934034,24.0,21.99,2,0,normal,0
i-00dfb80a59da9a56d,2026-04-01 05:48:00,1.6225193828622688,24.0,21.56,2,0,normal,0
i-00dfb80a59da9a56d,2026-04-01 05:49:00,1.793972870480035,24.0,21.96,2,0,normal,0
i-00dfb80a59da9a56d,2026-04-01 05:50:00,1.866844963050695,24.0,21.51,2,0,normal,0
i-00dfb80a59da9a56d,2026-04-01 05:51:00,2.283333333333333,24.0,21.92,2,0,normal,0
i-00dfb80a59da9a56d,2026-04-01 05:53:00,2.2521109593932764,24.0,21.9,2,0,normal,0
i-00dfb80a59da9a56d,2026-04-01 05:54:00,2.1078332195449576,24.0,21.44,2,0,normal,0
i-00dfb80a59da9a56d,2026-04-01 05:55:00,2.1379332423026325,24.0,21.93,2,0,normal,0
i-00dfb80a59da9a56d,2026-04-01 05:56:00,2.13521944384206,24.0,21.93,2,0,normal,0
i-00dfb80a59da9a56d,2026-04-01 05:57:00,2.2082878009192317,24.0,21.58,2,0,normal,0
i-00dfb80a59da9a56d,2026-04-01 05:58:00,2.0332842753103315,24.0,21.95,2,0,normal,0
i-00dfb80a59da9a56d,2026-04-01 06:00:00,2.1025663826746546,24.0,21.92,2,0,normal,0
i-00dfb80a59da9a56d,2026-04-01 06:01:00,2.3062577014020715,24.0,21.56,2,0,normal,0
i-00dfb80a59da9a56d,2026-04-01 06:02:00,2.254119742503658,24.0,22.04,2,0,normal,0
i-00dfb80a59da9a56d,2026-04-01 06:03:00,2.2659612108922915,24.0,21.57,2,0,normal,0
i-00dfb80a59da9a56d,2026-04-01 06:04:00,2.2499571710347497,24.0,21.98,2,0,normal,0
i-00dfb80a59da9a56d,2026-04-01 06:05:00,9.108299070161134,24.0,21.63,2,0,normal,0
i-00dfb80a59da9a56d,2026-04-01 06:06:00,100.0,24.0,23.5,2,1,critical,0
i-00dfb80a59da9a56d,2026-04-01 06:07:00,99.99249987499792,20.0,69.99474991249853,2,1,critical,0
i-00dfb80a59da9a56d,2026-04-01 06:08:00,,24.0,24.01,2,0,normal,0
i-00dfb80a59da9a56d,2026-04-01 06:09:00,99.99416660416563,24.0,24.05,2,1,critical,0
i-00dfb80a59da9a56d,2026-04-01 06:10:00,93.1903332833325,24.0,23.42,2,1,warning,0
i-00dfb80a59da9a56d,2026-04-01 06:11:00,2.283333333333333,24.0,23.94,2,0,normal,0
i-00dfb80a59da9a56d,2026-04-01 06:12:00,2.225,24.0,22.73,2,0,normal,0
i-00dfb80a59da9a56d,2026-04-01 06:13:00,2.221570113066791,24.0,24.22,2,0,normal,0
i-00dfb80a59da9a56d,2026-04-01 06:14:00,2.2062379714749896,24.0,22.05,2,0,normal,0
i-00dfb80a59da9a56d,2026-04-01 06:15:00,5.691657043846658,20.0,3.9841599306926603,2,0,normal,0
i-00dfb80a59da9a56d,2026-04-01 06:16:00,,24.0,22.45,2,0,normal,0
i-00dfb80a59da9a56d,2026-04-01 06:17:00,99.99333553971769,24.0,23.08,2,1,critical,0
i-00dfb80a59da9a56d,2026-04-01 06:18:00,99.99555702647847,24.0,22.7,2,1,critical,0
i-00dfb80a59da9a56d,2026-04-01 06:19:00,99.99666776985885,24.0,23.68,2,1,critical,0
i-00dfb80a59da9a56d,2026-04-01 06:20:00,99.99666695981088,24.0,23.32,2,1,critical,0
i-00dfb80a59da9a56d,2026-04-01 06:21:00,99.99500441276871,24.0,23.81,2,1,critical,0
i-00dfb80a59da9a56d,2026-04-01 06:22:00,99.99750220638435,24.0,23.55,2,1,critical,0
i-00dfb80a59da9a56d,2026-04-01 06:23:00,99.99833480425623,20.0,69.99883436297935,2,1,critical,0
i-00dfb80a59da9a56d,2026-04-01 06:24:00,,24.0,22.76,2,0,normal,0
i-00dfb80a59da9a56d,2026-04-01 06:25:00,96.83679004292867,24.0,25.03,2,1,critical,0
i-00dfb80a59da9a56d,2026-04-01 06:26:00,1.9934275276494235,24.0,23.9,2,0,normal,0
i-00dfb80a59da9a56d,2026-04-01 06:27:00,2.046713763824712,24.0,24.24,2,0,normal,0
i-00dfb80a59da9a56d,2026-04-01 06:28:00,2.0305541400536797,24.0,21.97,2,0,normal,0
i-00dfb80a59da9a56d,2026-04-01 06:29:00,2.0395822717069265,24.0,24.13,2,0,normal,0
i-00dfb80a59da9a56d,2026-04-01 06:30:00,2.0019929396568985,24.0,24.68,2,0,normal,0
i-00dfb80a59da9a56d,2026-04-01 06:31:00,0.6916666666666665,24.0,24.09,2,0,normal,0
i-00dfb80a59da9a56d,2026-04-01 06:33:00,1.5160758459656931,24.0,24.14,2,0,normal,0
i-00dfb80a59da9a56d,2026-04-01 06:34:00,1.6120568844742698,24.0,24.71,2,0,normal,0
i-00dfb80a59da9a56d,2026-04-01 06:35:00,1.8613121742460823,24.0,71.38,2,0,normal,0
i-00dfb80a59da9a56d,2026-04-01 06:36:00,100.0,24.0,69.45,2,1,critical,0
i-00dfb80a59da9a56d,2026-04-01 06:37:00,100.0,24.0,69.72,2,1,critical,0
i-00dfb80a59da9a56d,2026-04-01 06:38:00,99.99833480425623,24.0,69.72,2,1,critical,0
i-00dfb80a59da9a56d,2026-04-01 06:39:00,99.99791703309693,24.0,69.27,2,1,critical,0
i-00dfb80a59da9a56d,2026-04-01 06:42:00,2.15,24.0,22.85,2,0,normal,0
i-00dfb80a59da9a56d,2026-04-01 06:43:00,2.157693481868794,24.0,22.9,2,0,normal,0
i-00dfb80a59da9a56d,2026-04-01 06:44:00,2.1245201114015955,24.0,21.59,2,0,normal,0
i-00dfb80a59da9a56d,2026-04-01 06:45:00,2.124616089121276,24.0,23.28,2,0,normal,0
i-00dfb80a59da9a56d,2026-04-01 06:46:00,2.05181243431698,24.0,21.56,2,0,normal,0
i-00dfb80a59da9a56d,2026-04-01 06:47:00,2.096739550491823,24.0,23.25,2,0,normal,0
i-00dfb80a59da9a56d,2026-04-01 06:48:00,2.058354012019221,24.0,23.42,2,0,normal,0
i-00dfb80a59da9a56d,2026-04-01 06:49:00,2.0650593185461688,24.0,23.2,2,0,normal,0
i-00dfb80a59da9a56d,2026-04-01 06:50:00,2.042047454836935,24.0,23.58,2,0,normal,0
i-00dfb80a59da9a56d,2026-04-01 06:51:00,2.058333333333333,24.0,22.41,2,0,normal,0
i-00dfb80a59da9a56d,2026-04-01 06:52:00,2.01606603981298,20.0,1.4112462278690858,2,0,normal,0
i-00dfb80a59da9a56d,2026-04-01 06:53:00,,24.0,23.23,2,0,normal,0
i-00dfb80a59da9a56d,2026-04-01 06:54:00,1.9916398346289477,24.0,23.46,2,0,normal,0
i-00dfb80a59da9a56d,2026-04-01 06:58:00,1.8755191949074312,24.0,23.59,2,0,normal,0
i-00dfb80a59da9a56d,2026-04-01 06:59:00,14.198306062847239,24.0,56.66,2,0,normal,0
i-00dfb80a59da9a56d,2026-04-01 07:00:00,31.357645732831532,24.0,66.45,2,0,normal,0
i-00dfb80a59da9a56d,2026-04-01 07:01:00,100.0,24.0,66.37,2,1,critical,0
i-00dfb80a59da9a56d,2026-04-01 07:02:00,100.0,24.0,68.09,2,1,critical,0
i-00dfb80a59da9a56d,2026-04-01 07:04:00,94.10708443652551,24.0,23.31,2,1,warning,0
i-00dfb80a59da9a56d,2026-04-01 07:05:00,90.35064160964045,24.0,24.02,2,1,warning,0
i-00dfb80a59da9a56d,2026-04-01 07:06:00,99.96666666666667,24.0,23.27,2,1,critical,0
i-00dfb80a59da9a56d,2026-04-01 07:07:00,99.95416666666667,24.0,24.43,2,1,critical,0
i-00dfb80a59da9a56d,2026-04-01 07:08:00,86.16111111111111,34.0,22.5,2,1,warning,0
i-00dfb80a59da9a56d,2026-04-01 07:09:00,67.94711722063101,20.0,47.562982054441704,2,0,normal,0
i-00dfb80a59da9a56d,2026-04-01 07:10:00,,43.0,22.44,2,0,normal,0
i-00dfb80a59da9a56d,2026-04-01 07:11:00,7.776464123357701,24.0,21.88,2,0,normal,0
i-00dfb80a59da9a56d,2026-04-01 07:12:00,5.06844124645874,24.0,22.03,2,0,normal,0
i-00dfb80a59da9a56d,2026-04-01 07:13:00,4.109516386528049,24.0,21.65,2,0,normal,0
i-00dfb80a59da9a56d,2026-04-01 07:14:00,3.6571372898960366,24.0,22.05,2,0,normal,0
i-00dfb80a59da9a56d,2026-04-01 07:15:00,3.3590431652501627,20.0,2.3513302156751137,2,0,normal,0
i-00dfb80a59da9a56d,2026-04-01 07:16:00,,24.0,21.64,2,0,normal,0
i-00dfb80a59da9a56d,2026-04-01 07:17:00,2.182395619980128,24.0,22.08,2,0,normal,0
i-00dfb80a59da9a56d,2026-04-01 07:18:00,2.202152635542308,24.0,22.57,2,0,normal,0
i-00dfb80a59da9a56d,2026-04-01 07:19:00,2.208356265236643,24.0,23.65,2,0,normal,0
i-00dfb80a59da9a56d,2026-04-01 07:20:00,2.208351678855981,20.0,1.5458461751991868,2,0,normal,0
i-00dfb80a59da9a56d,2026-04-01 07:21:00,,24.0,26.43,2,0,normal,0
i-00dfb80a59da9a56d,2026-04-01 07:22:00,2.1624999999999996,24.0,22.83,2,0,normal,0
i-00dfb80a59da9a56d,2026-04-01 07:23:00,2.172222222222222,24.0,23.44,2,0,normal,0
i-00dfb80a59da9a56d,2026-04-01 07:24:00,2.1499999999999995,24.0,23.76,2,0,normal,0
i-00dfb80a59da9a56d,2026-04-01 07:25:00,2.1599999999999993,24.0,23.52,2,0,normal,0
i-00dfb80a59da9a56d,2026-04-01 07:26:00,2.0731687009808004,24.0,21.97,2,0,normal,0
i-00dfb80a59da9a56d,2026-04-01 07:27:00,2.1208754743164464,24.0,22.91,2,0,normal,0
i-00dfb80a59da9a56d,2026-04-01 07:29:00,2.1266226765728513,24.0,23.33,2,0,normal,0
i-00dfb80a59da9a56d,2026-04-01 07:30:00,2.1133287683121784,24.0,24.48,2,0,normal,0
i-00dfb80a59da9a56d,2026-04-01 07:31:00,2.1980583817627766,24.0,24.22,2,0,normal,0
i-00dfb80a59da9a56d,2026-04-01 07:32:00,2.1365291908813884,24.0,24.38,2,0,normal,0
i-00dfb80a59da9a56d,2026-04-01 07:33:00,2.158334477741634,24.0,23.22,2,0,normal,0
i-00dfb80a59da9a56d,2026-04-01 07:34:00,2.139124528231125,24.0,23.61,2,0,normal,0
i-00dfb80a59da9a56d,2026-04-01 07:37:00,2.083333333333333,24.0,22.61,2,0,normal,0
i-00dfb80a59da9a56d,2026-04-01 07:38:00,2.0688438175907575,24.0,23.62,2,0,normal,0
i-00dfb80a59da9a56d,2026-04-01 07:39:00,2.076632863193068,20.0,1.4536430042351476,2,0,normal,0
i-00dfb80a59da9a56d,2026-04-01 07:40:00,,24.0,22.0,2,0,normal,0
i-00dfb80a59da9a56d,2026-04-01 07:41:00,2.12312457329359,24.0,23.68,2,0,normal,0
i-00dfb80a59da9a56d,2026-04-01 07:42:00,2.065728953313462,24.0,23.27,2,0,normal,0
i-00dfb80a59da9a56d,2026-04-01 07:43:00,2.077152635542308,20.0,1.4540068448796155,2,0,normal,0
i-00dfb80a59da9a56d,2026-04-01 07:44:00,,24.0,23.65,2,0,normal,0
i-00dfb80a59da9a56d,2026-04-01 07:45:00,2.0583065338072135,24.0,24.68,2,0,normal,0
i-00dfb80a59da9a56d,2026-04-01 07:46:00,100.0,24.0,23.54,2,1,critical,0
i-00dfb80a59da9a56d,2026-04-01 07:47:00,100.0,24.0,23.38,2,1,critical,0
i-00dfb80a59da9a56d,2026-04-01 07:48:00,99.99722222222222,20.0,69.99805555555555,2,1,critical,0
i-00dfb80a59da9a56d,2026-04-01 07:49:00,,24.0,25.0,2,0,normal,0
i-00dfb80a59da9a56d,2026-04-01 07:50:00,99.99666666666667,24.0,25.72,2,1,critical,0
i-00dfb80a59da9a56d,2026-04-01 07:51:00,100.0,24.0,24.5,2,1,critical,0
i-00dfb80a59da9a56d,2026-04-01 07:52:00,100.0,24.0,24.24,2,1,critical,0
i-00dfb80a59da9a56d,2026-04-01 07:53:00,99.99722222222222,24.0,25.32,2,1,critical,0
i-00dfb80a59da9a56d,2026-04-01 07:55:00,90.52733421588707,24.0,25.23,2,1,warning,0
i-00dfb80a59da9a56d,2026-04-01 07:56:00,0.4670792533404507,24.0,23.76,2,0,normal,0
i-00dfb80a59da9a56d,2026-04-01 07:57:00,1.262706293336892,24.0,24.12,2,0,normal,0
i-00dfb80a59da9a56d,2026-04-01 07:58:00,1.5029153066690393,24.0,23.76,2,0,normal,0
i-00dfb80a59da9a56d,2026-04-01 07:59:00,1.6480198133351127,24.0,24.12,2,0,normal,0
i-00dfb80a59da9a56d,2026-04-01 08:01:00,100.0,24.0,22.72,2,1,critical,0
i-00dfb80a59da9a56d,2026-04-01 08:02:00,99.99583333333334,24.0,23.14,2,1,critical,0
i-00dfb80a59da9a56d,2026-04-01 08:03:00,99.99722222222222,24.0,23.14,2,1,critical,0
i-00dfb80a59da9a56d,2026-04-01 08:04:00,99.99791666666667,24.0,24.58,2,1,critical,0
i-00dfb80a59da9a56d,2026-04-01 08:05:00,99.995,24.0,24.72,2,1,critical,0
i-00dfb80a59da9a56d,2026-04-01 08:07:00,100.0,24.0,25.57,2,1,critical,0
i-00dfb80a59da9a56d,2026-04-01 08:08:00,100.0,24.0,25.38,2,1,critical,0
i-00dfb80a59da9a56d,2026-04-01 08:09:00,99.99791666666667,24.0,23.18,2,1,critical,0
i-00dfb80a59da9a56d,2026-04-01 08:10:00,93.57333333333334,24.0,22.86,2,1,warning,0
i-00dfb80a59da9a56d,2026-04-01 08:11:00,1.9482790201988243,24.0,23.36,2,0,normal,0
i-00dfb80a59da9a56d,2026-04-01 08:12:00,1.8866395100994122,20.0,1.3206476570695884,2,0,normal,0
i-00dfb80a59da9a56d,2026-04-01 08:13:00,,24.0,24.09,2,0,normal,0
i-00dfb80a59da9a56d,2026-04-01 08:14:00,1.8791379569613946,24.0,24.14,2,0,normal,0
i-00dfb80a59da9a56d,2026-04-01 08:15:00,1.8866436989024489,24.0,23.89,2,0,normal,0
i-00dfb80a59da9a56d,2026-04-01 08:16:00,1.7916666666666667,24.0,24.26,2,0,normal,0
i-00dfb80a59da9a56d,2026-04-01 08:17:00,1.8375,24.0,23.83,2,0,normal,0
i-00dfb80a59da9a56d,2026-04-01 08:18:00,1.8083333333333333,24.0,24.08,2,0,normal,0
i-00dfb80a59da9a56d,2026-04-01 08:19:00,1.825,20.0,1.2774999999999999,2,0,normal,0
i-00dfb80a59da9a56d,2026-04-01 08:20:00,,24.0,23.94,2,0,normal,0
i-00dfb80a59da9a56d,2026-04-01 08:21:00,99.98832301866649,24.0,69.96,2,1,critical,0
i-00dfb80a59da9a56d,2026-04-01 08:22:00,99.99416150933325,24.0,70.76,2,1,critical,0
i-00dfb80a59da9a56d,2026-04-01 08:23:00,99.99332989511106,24.0,69.79,2,1,critical,0
i-00dfb80a59da9a56d,2026-04-01 08:24:00,99.9949974213333,24.0,71.69,2,1,critical,0
i-00dfb80a59da9a56d,2026-04-01 08:25:00,96.93933127039996,24.0,69.82,2,1,critical,0
i-00dfb80a59da9a56d,2026-04-01 08:27:00,1.5958333333333332,24.0,24.78,2,0,normal,0
i-00dfb80a59da9a56d,2026-04-01 08:28:00,1.585658910425779,24.0,24.07,2,0,normal,0
i-00dfb80a59da9a56d,2026-04-01 08:29:00,1.606272273831545,24.0,22.93,2,0,normal,0
i-00dfb80a59da9a56d,2026-04-01 08:30:00,1.5980798319873701,24.0,23.34,2,0,normal,0
i-00dfb80a59da9a56d,2026-04-01 08:31:00,1.6764529258690863,24.0,23.81,2,0,normal,0
i-00dfb80a59da9a56d,2026-04-01 08:33:00,1.6310398641785842,24.0,23.68,2,0,normal,0
i-00dfb80a59da9a56d,2026-04-01 08:34:00,1.6146008979174626,24.0,23.67,2,0,normal,0
i-00dfb80a59da9a56d,2026-04-01 08:35:00,1.6286450368152952,24.0,21.53,2,0,normal,0
i-00dfb80a59da9a56d,2026-04-01 08:36:00,1.5569580204152997,24.0,23.26,2,0,normal,0
i-00dfb80a59da9a56d,2026-04-01 08:37:00,1.6042084045059468,24.0,23.55,2,0,normal,0
i-00dfb80a59da9a56d,2026-04-01 08:38:00,1.5916944918928533,24.0,23.31,2,0,normal,0
i-00dfb80a59da9a56d,2026-04-01 08:40:00,1.5980787080578462,24.0,23.39,2,0,normal,0
i-00dfb80a59da9a56d,2026-04-01 08:41:00,1.6764529258690863,24.0,23.61,2,0,normal,0
i-00dfb80a59da9a56d,2026-04-01 08:42:00,1.5965597962678766,24.0,23.41,2,0,normal,0
i-00dfb80a59da9a56d,2026-04-01 08:43:00,1.6060398641785845,24.0,23.51,2,0,normal,0
i-00dfb80a59da9a56d,2026-04-01 08:45:00,1.6050199353589316,24.0,23.54,2,0,normal,0
i-00dfb80a59da9a56d,2026-04-01 08:46:00,1.568051779071513,24.0,23.26,2,0,normal,0
i-00dfb80a59da9a56d,2026-04-01 08:47:00,1.6173592228690898,24.0,23.64,2,0,normal,0
i-00dfb80a59da9a56d,2026-04-01 08:48:00,1.5916748362386277,20.0,1.1141723853670393,2,0,normal,0
i-00dfb80a59da9a56d,2026-04-01 08:49:00,,24.0,23.65,2,0,normal,0
i-00dfb80a59da9a56d,2026-04-01 08:50:00,1.591963326129162,24.0,23.35,2,0,normal,0
i-00dfb80a59da9a56d,2026-04-01 08:51:00,1.6583333333333332,24.0,23.68,2,0,normal,0
i-00dfb80a59da9a56d,2026-04-01 08:52:00,1.6,24.0,23.32,2,0,normal,0
i-00dfb80a59da9a56d,2026-04-01 08:55:00,1.5399999999999998,20.0,1.0779999999999998,2,0,normal,0
i-00dfb80a59da9a56d,2026-04-01 08:56:00,,24.0,22.01,2,0,normal,0
i-00dfb80a59da9a56d,2026-04-01 08:57:00,1.1744336946808098,24.0,22.04,2,0,normal,0
i-00dfb80a59da9a56d,2026-04-01 08:58:00,1.2945187882077003,24.0,23.48,2,0,normal,0
i-00dfb80a59da9a56d,2026-04-01 08:59:00,1.3788620483768965,24.0,24.58,2,0,normal,0
i-00dfb80a59da9a56d,2026-04-01 09:00:00,1.4116955739443149,20.0,0.9881869017610203,2,0,normal,0
i-00dfb80a59da9a56d,2026-04-01 09:01:00,,24.0,23.33,2,0,normal,0
i-00dfb80a59da9a56d,2026-04-01 09:02:00,1.5916666666666666,24.0,23.48,2,0,normal,0
i-00dfb80a59da9a56d,2026-04-01 09:03:00,1.6055555555555554,20.0,1.1238888888888887,2,0,normal,0
i-00dfb80a59da9a56d,2026-04-01 09:04:00,,24.0,24.17,2,0,normal,0
i-00dfb80a59da9a56d,2026-04-01 09:05:00,1.6030420905977496,24.0,23.63,2,0,normal,0
i-00dfb80a59da9a56d,2026-04-01 09:06:00,1.559711078119005,24.0,23.41,2,0,normal,0
i-00dfb80a59da9a56d,2026-04-01 09:07:00,1.6048555390595025,24.0,23.63,2,0,normal,0
i-00dfb80a59da9a56d,2026-04-01 09:08:00,1.5833390470322362,24.0,23.97,2,0,normal,0
i-00dfb80a59da9a56d,2026-04-01 09:09:00,1.6003689824233254,24.0,23.62,2,0,normal,0
i-00dfb80a59da9a56d,2026-04-01 09:10:00,1.5866912027904412,24.0,24.09,2,0,normal,0
i-00dfb80a59da9a56d,2026-04-01 09:12:00,1.6583333333333332,24.0,23.51,2,0,normal,0
i-00dfb80a59da9a56d,2026-04-01 09:13:00,1.6227109409608114,24.0,23.32,2,0,normal,0
i-00dfb80a59da9a56d,2026-04-01 09:14:00,1.6086998723872752,24.0,23.67,2,0,normal,0
i-00dfb80a59da9a56d,2026-04-01 09:15:00,1.6416465913306317,24.0,22.61,2,0,normal,0
i-00dfb80a59da9a56d,2026-04-01 09:16:00,1.6347773866915773,24.0,23.61,2,0,normal,0
i-00dfb80a59da9a56d,2026-04-01 09:17:00,1.6840553600124553,24.0,26.26,2,0,normal,0
i-00dfb80a59da9a56d,2026-04-01 09:19:00,1.6583415375843336,24.0,23.29,2,0,normal,0
i-00dfb80a59da9a56d,2026-04-01 09:20:00,1.6566715892172668,24.0,22.81,2,0,normal,0
i-00dfb80a59da9a56d,2026-04-01 09:21:00,1.7083333333333333,24.0,23.37,2,0,normal,0
i-00dfb80a59da9a56d,2026-04-01 09:22:00,1.6465332571549314,24.0,23.7,2,0,normal,0
i-00dfb80a59da9a56d,2026-04-01 09:23:00,4.31991106032551,24.0,23.29,2,0,normal,0
i-00dfb80a59da9a56d,2026-04-01 09:24:00,28.237849961910797,24.0,24.24,2,0,normal,0
i-00dfb80a59da9a56d,2026-04-01 09:25:00,42.59027996952864,24.0,23.33,2,0,normal,0
i-00dfb80a59da9a56d,2026-04-01 09:27:00,100.0,24.0,23.12,2,1,critical,0
i-00dfb80a59da9a56d,2026-04-01 09:28:00,97.43333333333334,24.0,23.62,2,1,critical,0
i-00dfb80a59da9a56d,2026-04-01 09:29:00,73.48333333333333,24.0,23.62,2,0,normal,0
i-00dfb80a59da9a56d,2026-04-01 09:30:00,59.125,24.0,23.84,2,0,normal,0
i-00dfb80a59da9a56d,2026-04-01 09:31:00,1.7318035735100659,24.0,22.53,2,0,normal,0
i-00dfb80a59da9a56d,2026-04-01 09:32:00,1.6791201296245677,24.0,24.07,2,0,normal,0
i-00dfb80a59da9a56d,2026-04-01 09:33:00,1.6860800864163785,24.0,24.64,2,0,normal,0
i-00dfb80a59da9a56d,2026-04-01 09:34:00,39.241543798454586,20.0,27.46908065891821,2,0,normal,0
i-00dfb80a59da9a56d,2026-04-01 09:35:00,,24.0,24.03,2,0,normal,0
i-00dfb80a59da9a56d,2026-04-01 09:36:00,100.0,24.0,24.24,2,1,critical,0
i-00dfb80a59da9a56d,2026-04-01 09:37:00,99.9933275505438,24.0,24.49,2,1,critical,0
i-00dfb80a59da9a56d,2026-04-01 09:38:00,99.99555170036253,24.0,24.14,2,1,critical,0
i-00dfb80a59da9a56d,2026-04-01 09:39:00,99.9966637752719,24.0,23.23,2,1,critical,0
i-00dfb80a59da9a56d,2026-04-01 09:40:00,99.99666493082832,24.0,22.69,2,1,critical,0
i-00dfb80a59da9a56d,2026-04-01 09:41:00,99.99000016666388,24.0,23.14,2,1,critical,0
i-00dfb80a59da9a56d,2026-04-01 09:42:00,99.99500008333195,20.0,69.99650005833236,2,1,critical,0
i-00dfb80a59da9a56d,2026-04-01 09:43:00,,24.0,23.93,2,0,normal,0
i-00dfb80a59da9a56d,2026-04-01 09:44:00,77.5933333749993,24.0,24.0,2,0,normal,0
i-00dfb80a59da9a56d,2026-04-01 09:45:00,62.40829473809977,24.0,24.04,2,0,normal,0
i-00dfb80a59da9a56d,2026-04-01 09:46:00,1.5583333333333331,24.0,24.71,2,0,normal,0
i-00dfb80a59da9a56d,2026-04-01 09:47:00,1.611764538546506,24.0,24.1,2,0,normal,0
i-00dfb80a59da9a56d,2026-04-01 09:48:00,1.5888529177690003,24.0,23.86,2,0,normal,0
i-00dfb80a59da9a56d,2026-04-01 09:49:00,1.6020563549934168,24.0,24.16,2,0,normal,0
i-00dfb80a59da9a56d,2026-04-01 09:51:00,1.5883117506614002,24.0,24.13,2,0,normal,0
i-00dfb80a59da9a56d,2026-04-01 09:52:00,1.6159679782858474,24.0,23.82,2,0,normal,0
i-00dfb80a59da9a56d,2026-04-01 09:53:00,1.6305784820402653,24.0,24.04,2,0,normal,0
i-00dfb80a59da9a56d,2026-04-01 09:54:00,19.842213818900476,24.0,72.41,2,0,normal,0
i-00dfb80a59da9a56d,2026-04-01 09:55:00,35.87377105512038,24.0,71.31,2,0,normal,0
i-00dfb80a59da9a56d,2026-04-01 09:56:00,99.99500441276871,24.0,62.61,2,1,critical,0
i-00dfb80a59da9a56d,2026-04-01 09:57:00,99.99750220638435,24.0,71.11,2,1,critical,0
i-00dfb80a59da9a56d,2026-04-01 09:58:00,99.99555702647847,20.0,69.99688991853492,2,1,critical,0
i-00dfb80a59da9a56d,2026-04-01 09:59:00,,24.0,22.71,2,0,normal,0
i-00dfb80a59da9a56d,2026-04-01 10:00:00,65.77585321854583,24.0,23.85,2,0,normal,0
i-00dfb80a59da9a56d,2026-04-01 10:01:00,1.6666666666666665,24.0,23.6,2,0,normal,0
i-00dfb80a59da9a56d,2026-04-01 10:02:00,1.4333333333333331,24.0,23.44,2,0,normal,0
i-00dfb80a59da9a56d,2026-04-01 10:03:00,1.361111111111111,24.0,23.71,2,0,normal,0
i-00dfb80a59da9a56d,2026-04-01 10:04:00,1.308587516194861,24.0,23.52,2,0,normal,0
i-00dfb80a59da9a56d,2026-04-01 10:05:00,1.3715831829890262,24.0,23.71,2,0,normal,0
i-00dfb80a59da9a56d,2026-04-01 10:06:00,1.559711078119005,20.0,1.0917977546833033,2,0,normal,0
i-00dfb80a59da9a56d,2026-04-01 10:07:00,,24.0,23.27,2,0,normal,0
i-00dfb80a59da9a56d,2026-04-01 10:08:00,1.5893481371507792,24.0,23.28,2,0,normal,0
i-00dfb80a59da9a56d,2026-04-01 10:09:00,1.6020655547639053,24.0,23.69,2,0,normal,0
i-00dfb80a59da9a56d,2026-04-01 10:10:00,1.5899857771444577,24.0,23.32,2,0,normal,0
i-00dfb80a59da9a56d,2026-04-01 10:11:00,1.6681401905016098,24.0,23.68,2,0,normal,0
i-00dfb80a59da9a56d,2026-04-01 10:12:00,1.6083861160990556,24.0,23.32,2,0,normal,0
i-00dfb80a59da9a56d,2026-04-01 10:13:00,1.631084374550743,24.0,23.66,2,0,normal,0
i-00dfb80a59da9a56d,2026-04-01 10:14:00,1.6108132809130573,20.0,1.12756929663914,2,0,normal,0
i-00dfb80a59da9a56d,2026-04-01 10:15:00,1.6183593819948623,24.0,23.435000000000002,2,0,normal,0
i-00dfb80a59da9a56d,2026-04-01 10:16:00,1.551370377166497,24.0,23.33,2,0,normal,0
i-00dfb80a59da9a56d,2026-04-01 10:17:00,1.5965185219165818,24.0,23.58,2,0,normal,0
i-00dfb80a59da9a56d,2026-04-01 10:18:00,1.5837901257221656,24.0,23.29,2,0,normal,0
i-00dfb80a59da9a56d,2026-04-01 10:19:00,1.6024259276249575,24.0,23.29,2,0,normal,0
i-00dfb80a59da9a56d,2026-04-01 10:20:00,1.6002740754332994,24.0,21.71,2,0,normal,0
i-00dfb80a59da9a56d,2026-04-01 10:21:00,1.7333333333333332,24.0,23.27,2,0,normal,0
i-00dfb80a59da9a56d,2026-04-01 10:22:00,1.6583333333333332,24.0,23.65,2,0,normal,0
i-00dfb80a59da9a56d,2026-04-01 10:23:00,1.6661714559546474,24.0,24.18,2,0,normal,0
i-00dfb80a59da9a56d,2026-04-01 10:24:00,1.645811887210118,24.0,23.58,2,0,normal,0
i-00dfb80a59da9a56d,2026-04-01 10:26:00,1.6041580882173805,24.0,23.66,2,0,normal,0
i-00dfb80a59da9a56d,2026-04-01 10:27:00,1.6076015491871067,24.0,23.92,2,0,normal,0
i-00dfb80a59da9a56d,2026-04-01 10:28:00,1.597198526132745,24.0,23.64,2,0,normal,0
i-00dfb80a59da9a56d,2026-04-01 10:29:00,1.6103988945995589,24.0,23.38,2,0,normal,0
i-00dfb80a59da9a56d,2026-04-01 10:30:00,1.5966524490129805,24.0,23.62,2,0,normal,0
i-00dfb80a59da9a56d,2026-04-01 10:31:00,1.6568697650408806,20.0,1.1598088355286162,2,0,normal,0
i-00dfb80a59da9a56d,2026-04-01 10:32:00,,24.0,23.6,2,0,normal,0
i-00dfb80a59da9a56d,2026-04-01 10:33:00,1.621703302416086,24.0,23.31,2,0,normal,0
i-00dfb80a59da9a56d,2026-04-01 10:34:00,1.6058608101453977,24.0,23.62,2,0,normal,0
i-00dfb80a59da9a56d,2026-04-01 10:35:00,1.614980405835637,24.0,23.27,2,0,normal,0
i-00dfb80a59da9a56d,2026-04-01 10:36:00,1.5583333333333331,24.0,23.76,2,0,normal,0
i-00dfb80a59da9a56d,2026-04-01 10:37:00,1.6034385598277079,24.0,23.34,2,0,normal,0
i-00dfb80a59da9a56d,2026-04-01 10:38:00,1.5888627325914735,24.0,23.51,2,0,normal,0
i-00dfb80a59da9a56d,2026-04-01 10:39:00,1.6037829960241257,24.0,23.37,2,0,normal,0
i-00dfb80a59da9a56d,2026-04-01 10:40:00,1.5980263968193005,24.0,23.77,2,0,normal,0
i-00dfb80a59da9a56d,2026-04-01 10:41:00,1.6597994895491015,20.0,1.161859642684371,2,0,normal,0
i-00dfb80a59da9a56d,2026-04-01 10:42:00,,24.0,23.35,2,0,normal,0
i-00dfb80a59da9a56d,2026-04-01 10:43:00,1.6249984111029268,24.0,23.91,2,0,normal,0
i-00dfb80a59da9a56d,2026-04-01 10:44:00,1.6086765778569463,24.0,24.13,2,0,normal,0
i-00dfb80a59da9a56d,2026-04-01 10:45:00,1.61527459561889,24.0,23.21,2,0,normal,0
i-00dfb80a59da9a56d,2026-04-01 10:46:00,1.5569580204152997,24.0,23.57,2,0,normal,0
i-00dfb80a59da9a56d,2026-04-01 10:47:00,1.5958677035534385,24.0,23.29,2,0,normal,0
i-00dfb80a59da9a56d,2026-04-01 10:48:00,1.5861340245911812,24.0,23.6,2,0,normal,0
i-00dfb80a59da9a56d,2026-04-01 10:49:00,1.599654970344207,24.0,23.29,2,0,normal,0
i-00dfb80a59da9a56d,2026-04-01 10:50:00,1.593334332089668,20.0,1.1153340324627676,2,0,normal,0
i-00dfb80a59da9a56d,2026-04-01 10:51:00,,24.0,23.68,2,0,normal,0
i-00dfb80a59da9a56d,2026-04-01 10:52:00,1.5957867312680358,24.0,23.23,2,0,normal,0
i-00dfb80a59da9a56d,2026-04-01 10:53:00,1.6161477425256507,24.0,23.81,2,0,normal,0
i-00dfb80a59da9a56d,2026-04-01 10:54:00,1.605867369503615,24.0,23.32,2,0,normal,0
i-00dfb80a59da9a56d,2026-04-01 10:55:00,1.6180272289362254,24.0,24.12,2,0,normal,0
i-00dfb80a59da9a56d,2026-04-01 10:56:00,1.809901914992994,24.0,23.3,2,0,normal,0
i-00dfb80a59da9a56d,2026-04-01 10:57:00,48.404950957496496,24.0,24.03,2,0,normal,0
i-00dfb80a59da9a56d,2026-04-01 10:58:00,65.59496730499767,20.0,45.91647711349837,2,0,normal,0
i-00dfb80a59da9a56d,2026-04-01 10:59:00,,24.0,23.5,2,0,normal,0
i-00dfb80a59da9a56d,2026-04-01 11:00:00,79.3569803829986,24.0,23.49,2,0,normal,0
i-00dfb80a59da9a56d,2026-04-01 11:01:00,99.996663719619,24.0,23.51,2,1,critical,0
i-00dfb80a59da9a56d,2026-04-01 11:02:00,53.31916519314283,24.0,23.18,2,0,normal,0
i-00dfb80a59da9a56d,2026-04-01 11:03:00,36.10444346209522,24.0,24.25,2,0,normal,0
i-00dfb80a59da9a56d,2026-04-01 11:04:00,27.472082596571415,24.0,23.86,2,0,normal,0
i-00dfb80a59da9a56d,2026-04-01 11:05:00,22.309332743923797,24.0,24.06,2,0,normal,0
i-00dfb80a59da9a56d,2026-04-01 11:06:00,1.5333333333333332,20.0,1.0733333333333333,2,0,normal,0
i-00dfb80a59da9a56d,2026-04-01 11:07:00,,24.0,22.02,2,0,normal,0
i-00dfb80a59da9a56d,2026-04-01 11:08:00,59.88144313090629,24.0,24.9,2,0,normal,0
i-00dfb80a59da9a56d,2026-04-01 11:09:00,69.91108234817972,24.0,22.57,2,0,normal,0
i-00dfb80a59da9a56d,2026-04-01 11:10:00,75.92553254521044,24.0,23.01,2,0,normal,0
i-00dfb80a59da9a56d,2026-04-01 11:11:00,100.0,24.0,23.23,2,1,critical,0
i-00dfb80a59da9a56d,2026-04-01 11:12:00,99.99583333333334,24.0,22.54,2,1,critical,0
i-00dfb80a59da9a56d,2026-04-01 11:13:00,99.99722222222222,24.0,23.11,2,1,critical,0
i-00dfb80a59da9a56d,2026-04-01 11:14:00,99.99791666666667,20.0,69.99854166666667,2,1,critical,0
i-00dfb80a59da9a56d,2026-04-01 11:15:00,,24.0,23.12,2,0,normal,0
i-00dfb80a59da9a56d,2026-04-01 11:16:00,99.996663719619,24.0,22.64,2,1,critical,0
i-00dfb80a59da9a56d,2026-04-01 11:17:00,61.80666519314283,24.0,24.78,2,0,normal,0
i-00dfb80a59da9a56d,2026-04-01 11:18:00,41.71787881642112,24.0,23.3,2,0,normal,0
i-00dfb80a59da9a56d,2026-04-01 11:19:00,31.56782259422486,24.0,23.76,2,0,normal,0
i-00dfb80a59da9a56d,2026-04-01 11:20:00,25.529015373100236,24.0,24.03,2,0,normal,0
i-00dfb80a59da9a56d,2026-04-01 11:21:00,1.3595342552588119,24.0,24.25,2,0,normal,0
i-00dfb80a59da9a56d,2026-04-01 11:22:00,1.4672671276294058,24.0,23.78,2,0,normal,0
i-00dfb80a59da9a56d,2026-04-01 11:24:00,1.5395195103952235,24.0,23.82,2,0,normal,0
i-00dfb80a59da9a56d,2026-04-01 11:25:00,1.563575506225999,24.0,24.08,2,0,normal,0
